ID,MatchNumber,BattingTeam,player_of_match,WinningTeam,Team1,Team2
335982,1,Kolkata Knight Riders,BB McCullum,Kolkata Knight Riders,Kolkata Knight Riders,Kolkata Knight Riders
335983,2,Chennai Super Kings,MEK Hussey,Chennai Super Kings,Chennai Super Kings,Chennai Super Kings
335984,3,Rajasthan Royals,MF Maharoof,Delhi Daredevils,Rajasthan Royals,Rajasthan Royals
335985,5,Mumbai Indians,MV Boucher,Royal Challengers Bangalore,Mumbai Indians,Mumbai Indians
335986,4,Deccan Chargers,DJ Hussey,Kolkata Knight Riders,Deccan Chargers,Deccan Chargers
335987,6,Kings XI Punjab,SR Watson,Rajasthan Royals,Kings XI Punjab,Kings XI Punjab
335988,7,Deccan Chargers,V Sehwag,Delhi Daredevils,Deccan Chargers,Deccan Chargers
335989,8,Chennai Super Kings,ML Hayden,Chennai Super Kings,Chennai Super Kings,Chennai Super Kings
335990,9,Deccan Chargers,YK Pathan,Rajasthan Royals,Deccan Chargers,Deccan Chargers
335991,10,Kings XI Punjab,KC Sangakkara,Kings XI Punjab,Kings XI Punjab,Kings XI Punjab
335992,12,Royal Challengers Bangalore,SR Watson,Rajasthan Royals,Royal Challengers Bangalore,Royal Challengers Bangalore
335993,11,Kolkata Knight Riders,JDP Oram,Chennai Super Kings,Kolkata Knight Riders,Kolkata Knight Riders
335994,14,Mumbai Indians,AC Gilchrist,Deccan Chargers,Mumbai Indians,Mumbai Indians
335995,13,Delhi Daredevils,SM Katich,Kings XI Punjab,Delhi Daredevils,Delhi Daredevils
335996,15,Chennai Super Kings,MS Dhoni,Chennai Super Kings,Chennai Super Kings,Chennai Super Kings
335997,16,Kolkata Knight Riders,ST Jayasuriya,Mumbai Indians,Kolkata Knight Riders,Kolkata Knight Riders
335998,17,Delhi Daredevils,GD McGrath,Delhi Daredevils,Delhi Daredevils,Delhi Daredevils
335999,19,Deccan Chargers,SE Marsh,Kings XI Punjab,Deccan Chargers,Deccan Chargers
336000,18,Rajasthan Royals,SA Asnodkar,Rajasthan Royals,Rajasthan Royals,Rajasthan Royals
336001,20,Chennai Super Kings,V Sehwag,Delhi Daredevils,Chennai Super Kings,Chennai Super Kings
336003,22,Kings XI Punjab,IK Pathan,Kings XI Punjab,Kings XI Punjab,Kings XI Punjab
336034,21,Royal Challengers Bangalore,P Kumar,Royal Challengers Bangalore,Royal Challengers Bangalore,Royal Challengers Bangalore
336004,23,Mumbai Indians,SM Pollock,Mumbai Indians,Mumbai Indians,Mumbai Indians
336005,24,Chennai Super Kings,Sohail Tanvir,Rajasthan Royals,Chennai Super Kings,Chennai Super Kings
336006,25,Royal Challengers Bangalore,S Sreesanth,Kings XI Punjab,Royal Challengers Bangalore,Royal Challengers Bangalore
336007,26,Chennai Super Kings,AC Gilchrist,Deccan Chargers,Chennai Super Kings,Chennai Super Kings
336008,27,Rajasthan Royals,A Nehra,Mumbai Indians,Rajasthan Royals,Rajasthan Royals
336009,28,Delhi Daredevils,MS Dhoni,Chennai Super Kings,Delhi Daredevils,Delhi Daredevils
336010,29,Kolkata Knight Riders,SC Ganguly,Kolkata Knight Riders,Kolkata Knight Riders,Kolkata Knight Riders
336011,30,Deccan Chargers,YK Pathan,Rajasthan Royals,Deccan Chargers,Deccan Chargers
336013,31,Chennai Super Kings,L Balaji,Chennai Super Kings,Chennai Super Kings,Chennai Super Kings
336014,32,Kolkata Knight Riders,SC Ganguly,Kolkata Knight Riders,Kolkata Knight Riders,Kolkata Knight Riders
336015,33,Delhi Daredevils,SR Watson,Rajasthan Royals,Delhi Daredevils,Delhi Daredevils
336016,34,Royal Challengers Bangalore,SE Marsh,Kings XI Punjab,Royal Challengers Bangalore,Royal Challengers Bangalore
336017,35,Kolkata Knight Riders,Shoaib Akhtar,Kolkata Knight Riders,Kolkata Knight Riders,Kolkata Knight Riders
336018,36,Chennai Super Kings,ST Jayasuriya,Mumbai Indians,Chennai Super Kings,Chennai Super Kings
336020,37,Delhi Daredevils,A Mishra,Delhi Daredevils,Delhi Daredevils,Delhi Daredevils
336021,38,Kolkata Knight Riders,SM Pollock,Mumbai Indians,Kolkata Knight Riders,Kolkata Knight Riders
336022,40,Delhi Daredevils,DPMD Jayawardene,Kings XI Punjab,Delhi Daredevils,Delhi Daredevils
336023,39,Rajasthan Royals,GC Smith,Rajasthan Royals,Rajasthan Royals,Rajasthan Royals
336024,42,Mumbai Indians,DJ Bravo,Mumbai Indians,Mumbai Indians,Mumbai Indians
336025,41,Kolkata Knight Riders,M Ntini,Chennai Super Kings,Kolkata Knight Riders,Kolkata Knight Riders
336026,43,Royal Challengers Bangalore,SP Goswami,Delhi Daredevils,Royal Challengers Bangalore,Royal Challengers Bangalore
336027,44,Kolkata Knight Riders,YK Pathan,Rajasthan Royals,Kolkata Knight Riders,Kolkata Knight Riders
336028,45,Kings XI Punjab,SE Marsh,Kings XI Punjab,Kings XI Punjab,Kings XI Punjab
336029,46,Royal Challengers Bangalore,A Kumble,Royal Challengers Bangalore,Royal Challengers Bangalore,Royal Challengers Bangalore
336031,48,Deccan Chargers,SE Marsh,Kings XI Punjab,Deccan Chargers,Deccan Chargers
336032,50,Mumbai Indians,KD Karthik,Delhi Daredevils,Mumbai Indians,Mumbai Indians
336033,49,Rajasthan Royals,JA Morkel,Rajasthan Royals,Rajasthan Royals,Rajasthan Royals
336002,51,Deccan Chargers,R Vinay Kumar,Royal Challengers Bangalore,Deccan Chargers,Deccan Chargers
336035,52,Kings XI Punjab,Umar Gul,Kolkata Knight Riders,Kings XI Punjab,Kings XI Punjab
336036,53,Mumbai Indians,Sohail Tanvir,Rajasthan Royals,Mumbai Indians,Mumbai Indians
336037,54,Deccan Chargers,SK Raina,Chennai Super Kings,Deccan Chargers,Deccan Chargers
336012,55,Royal Challengers Bangalore,CRD Fernando,Mumbai Indians,Royal Challengers Bangalore,Royal Challengers Bangalore
336019,56,Kings XI Punjab,SE Marsh,Kings XI Punjab,Kings XI Punjab,Kings XI Punjab
336038,Unknown,Rajasthan Royals,SR Watson,Rajasthan Royals,Rajasthan Royals,Rajasthan Royals
336039,Unknown,Kings XI Punjab,M Ntini,Chennai Super Kings,Kings XI Punjab,Kings XI Punjab
336040,Unknown,Chennai Super Kings,YK Pathan,Rajasthan Royals,Chennai Super Kings,Chennai Super Kings
392181,1,Mumbai Indians,SR Tendulkar,Mumbai Indians,Mumbai Indians,Mumbai Indians
392182,2,Royal Challengers Bangalore,R Dravid,Royal Challengers Bangalore,Royal Challengers Bangalore,Royal Challengers Bangalore
392183,3,Kings XI Punjab,DL Vettori,Delhi Daredevils,Kings XI Punjab,Kings XI Punjab
392184,4,Kolkata Knight Riders,RP Singh,Deccan Chargers,Kolkata Knight Riders,Kolkata Knight Riders
392185,5,Chennai Super Kings,M Muralitharan,Chennai Super Kings,Chennai Super Kings,Chennai Super Kings
392186,6,Kings XI Punjab,CH Gayle,Kolkata Knight Riders,Kings XI Punjab,Kings XI Punjab
392188,8,Deccan Chargers,AC Gilchrist,Deccan Chargers,Deccan Chargers,Deccan Chargers
392189,9,Delhi Daredevils,AB de Villiers,Delhi Daredevils,Delhi Daredevils,Delhi Daredevils
392190,10,Rajasthan Royals,YK Pathan,Unknown,Rajasthan Royals,Rajasthan Royals
392191,11,Royal Challengers Bangalore,RS Bopara,Kings XI Punjab,Royal Challengers Bangalore,Royal Challengers Bangalore
392192,12,Deccan Chargers,PP Ojha,Deccan Chargers,Deccan Chargers,Deccan Chargers
392194,14,Royal Challengers Bangalore,TM Dilshan,Delhi Daredevils,Royal Challengers Bangalore,Royal Challengers Bangalore
392195,15,Kings XI Punjab,KC Sangakkara,Kings XI Punjab,Kings XI Punjab,Kings XI Punjab
392196,16,Chennai Super Kings,HH Gibbs,Deccan Chargers,Chennai Super Kings,Chennai Super Kings
392197,17,Mumbai Indians,SR Tendulkar,Mumbai Indians,Mumbai Indians,Mumbai Indians
392198,18,Delhi Daredevils,YK Pathan,Rajasthan Royals,Delhi Daredevils,Delhi Daredevils
392199,19,Kolkata Knight Riders,MV Boucher,Royal Challengers Bangalore,Kolkata Knight Riders,Kolkata Knight Riders
392200,20,Kings XI Punjab,KC Sangakkara,Kings XI Punjab,Kings XI Punjab,Kings XI Punjab
392201,21,Deccan Chargers,DP Nannes,Delhi Daredevils,Deccan Chargers,Deccan Chargers
392202,22,Chennai Super Kings,SK Raina,Chennai Super Kings,Chennai Super Kings,Chennai Super Kings
392203,23,Mumbai Indians,JP Duminy,Mumbai Indians,Mumbai Indians,Mumbai Indians
392204,24,Royal Challengers Bangalore,Yuvraj Singh,Royal Challengers Bangalore,Royal Challengers Bangalore,Royal Challengers Bangalore
392205,25,Deccan Chargers,YK Pathan,Rajasthan Royals,Deccan Chargers,Deccan Chargers
392206,26,Chennai Super Kings,SB Jakati,Chennai Super Kings,Chennai Super Kings,Chennai Super Kings
392207,27,Kolkata Knight Riders,DPMD Jayawardene,Kings XI Punjab,Kolkata Knight Riders,Kolkata Knight Riders
392208,28,Mumbai Indians,JH Kallis,Royal Challengers Bangalore,Mumbai Indians,Mumbai Indians
392209,29,Chennai Super Kings,MS Dhoni,Chennai Super Kings,Chennai Super Kings,Chennai Super Kings
392210,30,Rajasthan Royals,GC Smith,Rajasthan Royals,Rajasthan Royals,Rajasthan Royals
392211,31,Kolkata Knight Riders,G Gambhir,Delhi Daredevils,Kolkata Knight Riders,Kolkata Knight Riders
392212,32,Deccan Chargers,RG Sharma,Deccan Chargers,Deccan Chargers,Deccan Chargers
392213,33,Royal Challengers Bangalore,A Singh,Rajasthan Royals,Royal Challengers Bangalore,Royal Challengers Bangalore
392214,34,Chennai Super Kings,ML Hayden,Chennai Super Kings,Chennai Super Kings,Chennai Super Kings
392215,35,Mumbai Indians,A Nehra,Delhi Daredevils,Mumbai Indians,Mumbai Indians
392216,36,Deccan Chargers,DPMD Jayawardene,Kings XI Punjab,Deccan Chargers,Deccan Chargers
392217,37,Rajasthan Royals,S Badrinath,Chennai Super Kings,Rajasthan Royals,Rajasthan Royals
392218,38,Mumbai Indians,JP Duminy,Mumbai Indians,Mumbai Indians,Mumbai Indians
392219,39,Kolkata Knight Riders,A Mishra,Delhi Daredevils,Kolkata Knight Riders,Kolkata Knight Riders
392220,40,Deccan Chargers,DR Smith,Deccan Chargers,Deccan Chargers,Deccan Chargers
392221,41,Kolkata Knight Riders,LRPL Taylor,Royal Challengers Bangalore,Kolkata Knight Riders,Kolkata Knight Riders
392222,42,Kings XI Punjab,Harbhajan Singh,Mumbai Indians,Kings XI Punjab,Kings XI Punjab
392223,43,Delhi Daredevils,R Bhatia,Delhi Daredevils,Delhi Daredevils,Delhi Daredevils
392224,44,Chennai Super Kings,LRPL Taylor,Royal Challengers Bangalore,Chennai Super Kings,Chennai Super Kings
392225,45,Rajasthan Royals,SK Warne,Rajasthan Royals,Rajasthan Royals,Rajasthan Royals
392226,46,Delhi Daredevils,B Lee,Kings XI Punjab,Delhi Daredevils,Delhi Daredevils
392227,47,Mumbai Indians,ML Hayden,Chennai Super Kings,Mumbai Indians,Mumbai Indians
392228,48,Kolkata Knight Riders,RG Sharma,Deccan Chargers,Kolkata Knight Riders,Kolkata Knight Riders
392229,49,Kings XI Punjab,Yuvraj Singh,Kings XI Punjab,Kings XI Punjab,Kings XI Punjab
392230,50,Delhi Daredevils,AB de Villiers,Delhi Daredevils,Delhi Daredevils,Delhi Daredevils
392231,51,Chennai Super Kings,BJ Hodge,Kolkata Knight Riders,Chennai Super Kings,Chennai Super Kings
392232,52,Delhi Daredevils,JH Kallis,Royal Challengers Bangalore,Delhi Daredevils,Delhi Daredevils
392233,53,Rajasthan Royals,LR Shukla,Kolkata Knight Riders,Rajasthan Royals,Rajasthan Royals
392234,54,Chennai Super Kings,M Muralitharan,Chennai Super Kings,Chennai Super Kings,Chennai Super Kings
392235,55,Mumbai Indians,V Sehwag,Delhi Daredevils,Mumbai Indians,Mumbai Indians
392236,56,Royal Challengers Bangalore,MK Pandey,Royal Challengers Bangalore,Royal Challengers Bangalore,Royal Challengers Bangalore
392237,Unknown,Delhi Daredevils,AC Gilchrist,Deccan Chargers,Delhi Daredevils,Delhi Daredevils
392238,Unknown,Chennai Super Kings,MK Pandey,Royal Challengers Bangalore,Chennai Super Kings,Chennai Super Kings
392239,Unknown,Deccan Chargers,A Kumble,Deccan Chargers,Deccan Chargers,Deccan Chargers
419106,1,Kolkata Knight Riders,AD Mathews,Kolkata Knight Riders,Kolkata Knight Riders,Kolkata Knight Riders
419107,2,Mumbai Indians,YK Pathan,Mumbai Indians,Mumbai Indians,Mumbai Indians
419108,3,Kings XI Punjab,G Gambhir,Delhi Daredevils,Kings XI Punjab,Kings XI Punjab
419109,4,Royal Challengers Bangalore,MK Tiwary,Kolkata Knight Riders,Royal Challengers Bangalore,Royal Challengers Bangalore
419110,5,Deccan Chargers,WPUJC Vaas,Deccan Chargers,Deccan Chargers,Deccan Chargers
419111,6,Rajasthan Royals,V Sehwag,Delhi Daredevils,Rajasthan Royals,Rajasthan Royals
419112,7,Kings XI Punjab,JH Kallis,Royal Challengers Bangalore,Kings XI Punjab,Kings XI Punjab
419113,8,Chennai Super Kings,MS Dhoni,Chennai Super Kings,Chennai Super Kings,Chennai Super Kings
419114,9,Mumbai Indians,SR Tendulkar,Mumbai Indians,Mumbai Indians,Mumbai Indians
419115,10,Rajasthan Royals,JH Kallis,Royal Challengers Bangalore,Rajasthan Royals,Rajasthan Royals
419116,11,Delhi Daredevils,ML Hayden,Chennai Super Kings,Delhi Daredevils,Delhi Daredevils
419117,12,Deccan Chargers,A Symonds,Deccan Chargers,Deccan Chargers,Deccan Chargers
419118,13,Rajasthan Royals,AA Jhunjhunwala,Rajasthan Royals,Rajasthan Royals,Rajasthan Royals
419119,14,Mumbai Indians,JH Kallis,Royal Challengers Bangalore,Mumbai Indians,Mumbai Indians
419120,15,Deccan Chargers,A Symonds,Deccan Chargers,Deccan Chargers,Deccan Chargers
419121,16,Kings XI Punjab,J Theron,Unknown,Kings XI Punjab,Kings XI Punjab
419122,17,Kolkata Knight Riders,SR Tendulkar,Mumbai Indians,Kolkata Knight Riders,Kolkata Knight Riders
419123,18,Royal Challengers Bangalore,RV Uthappa,Royal Challengers Bangalore,Royal Challengers Bangalore,Royal Challengers Bangalore
419124,19,Rajasthan Royals,AC Voges,Rajasthan Royals,Rajasthan Royals,Rajasthan Royals
419125,21,Chennai Super Kings,SR Tendulkar,Mumbai Indians,Chennai Super Kings,Chennai Super Kings
419128,20,Delhi Daredevils,KM Jadhav,Delhi Daredevils,Delhi Daredevils,Delhi Daredevils
419126,22,Deccan Chargers,YK Pathan,Rajasthan Royals,Deccan Chargers,Deccan Chargers
419127,23,Kolkata Knight Riders,MK Tiwary,Kolkata Knight Riders,Kolkata Knight Riders,Kolkata Knight Riders
419129,24,Rajasthan Royals,NV Ojha,Rajasthan Royals,Rajasthan Royals,Rajasthan Royals
419130,25,Mumbai Indians,Harbhajan Singh,Mumbai Indians,Mumbai Indians,Mumbai Indians
419131,26,Delhi Daredevils,DA Warner,Delhi Daredevils,Delhi Daredevils,Delhi Daredevils
419132,27,Kings XI Punjab,SL Malinga,Mumbai Indians,Kings XI Punjab,Kings XI Punjab
419133,28,Royal Challengers Bangalore,M Vijay,Chennai Super Kings,Royal Challengers Bangalore,Royal Challengers Bangalore
419134,29,Delhi Daredevils,KD Karthik,Delhi Daredevils,Delhi Daredevils,Delhi Daredevils
419135,30,Kolkata Knight Riders,SC Ganguly,Kolkata Knight Riders,Kolkata Knight Riders,Kolkata Knight Riders
419136,31,Kings XI Punjab,KP Pietersen,Royal Challengers Bangalore,Kings XI Punjab,Kings XI Punjab
419137,32,Chennai Super Kings,M Vijay,Chennai Super Kings,Chennai Super Kings,Chennai Super Kings
419138,33,Mumbai Indians,AT Rayudu,Mumbai Indians,Mumbai Indians,Mumbai Indians
419139,34,Kolkata Knight Riders,DPMD Jayawardene,Kings XI Punjab,Kolkata Knight Riders,Kolkata Knight Riders
419140,35,Delhi Daredevils,PD Collingwood,Delhi Daredevils,Delhi Daredevils,Delhi Daredevils
419141,36,Rajasthan Royals,SK Warne,Rajasthan Royals,Rajasthan Royals,Rajasthan Royals
419142,37,Chennai Super Kings,SK Raina,Chennai Super Kings,Chennai Super Kings,Chennai Super Kings
419143,38,Kings XI Punjab,MJ Lumb,Rajasthan Royals,Kings XI Punjab,Kings XI Punjab
419144,39,Kolkata Knight Riders,SC Ganguly,Kolkata Knight Riders,Kolkata Knight Riders,Kolkata Knight Riders
419145,40,Royal Challengers Bangalore,TL Suman,Deccan Chargers,Royal Challengers Bangalore,Royal Challengers Bangalore
419146,41,Mumbai Indians,KC Sangakkara,Kings XI Punjab,Mumbai Indians,Mumbai Indians
419147,42,Chennai Super Kings,RJ Harris,Deccan Chargers,Chennai Super Kings,Chennai Super Kings
419148,43,Kolkata Knight Riders,R Vinay Kumar,Royal Challengers Bangalore,Kolkata Knight Riders,Kolkata Knight Riders
419149,44,Delhi Daredevils,PP Chawla,Kings XI Punjab,Delhi Daredevils,Delhi Daredevils
419150,45,Mumbai Indians,SR Tendulkar,Mumbai Indians,Mumbai Indians,Mumbai Indians
419151,46,Deccan Chargers,Harmeet Singh,Deccan Chargers,Deccan Chargers,Deccan Chargers
419152,47,Mumbai Indians,KA Pollard,Mumbai Indians,Mumbai Indians,Mumbai Indians
419153,48,Kolkata Knight Riders,R Ashwin,Chennai Super Kings,Kolkata Knight Riders,Kolkata Knight Riders
419154,49,Rajasthan Royals,KP Pietersen,Royal Challengers Bangalore,Rajasthan Royals,Rajasthan Royals
419155,50,Chennai Super Kings,G Gambhir,Delhi Daredevils,Chennai Super Kings,Chennai Super Kings
419156,51,Kings XI Punjab,RG Sharma,Deccan Chargers,Kings XI Punjab,Kings XI Punjab
419157,52,Mumbai Indians,R McLaren,Mumbai Indians,Mumbai Indians,Mumbai Indians
419158,53,Rajasthan Royals,JD Unadkat,Kolkata Knight Riders,Rajasthan Royals,Rajasthan Royals
419159,54,Kings XI Punjab,MS Dhoni,Chennai Super Kings,Kings XI Punjab,Kings XI Punjab
419160,55,Deccan Chargers,A Symonds,Deccan Chargers,Deccan Chargers,Deccan Chargers
419161,56,Mumbai Indians,M Kartik,Kolkata Knight Riders,Mumbai Indians,Mumbai Indians
419162,Unknown,Mumbai Indians,KA Pollard,Mumbai Indians,Mumbai Indians,Mumbai Indians
419163,Unknown,Chennai Super Kings,DE Bollinger,Chennai Super Kings,Chennai Super Kings,Chennai Super Kings
419164,Unknown,Deccan Chargers,A Kumble,Royal Challengers Bangalore,Deccan Chargers,Deccan Chargers
419165,Unknown,Chennai Super Kings,SK Raina,Chennai Super Kings,Chennai Super Kings,Chennai Super Kings
501198,1,Chennai Super Kings,S Anirudha,Chennai Super Kings,Chennai Super Kings,Chennai Super Kings
501199,2,Deccan Chargers,SK Trivedi,Rajasthan Royals,Deccan Chargers,Deccan Chargers
501200,3,Kochi Tuskers Kerala,AB de Villiers,Royal Challengers Bangalore,Kochi Tuskers Kerala,Kochi Tuskers Kerala
501201,4,Delhi Daredevils,SL Malinga,Mumbai Indians,Delhi Daredevils,Delhi Daredevils
501202,5,Kings XI Punjab,SB Wagh,Pune Warriors,Kings XI Punjab,Kings XI Punjab
501203,6,Kolkata Knight Riders,JH Kallis,Kolkata Knight Riders,Kolkata Knight Riders,Kolkata Knight Riders
501204,7,Delhi Daredevils,SK Warne,Rajasthan Royals,Delhi Daredevils,Delhi Daredevils
501205,8,Royal Challengers Bangalore,SR Tendulkar,Mumbai Indians,Royal Challengers Bangalore,Royal Challengers Bangalore
501206,9,Chennai Super Kings,PC Valthaty,Kings XI Punjab,Chennai Super Kings,Chennai Super Kings
501207,10,Kochi Tuskers Kerala,MD Mishra,Pune Warriors,Kochi Tuskers Kerala,Kochi Tuskers Kerala
501208,11,Deccan Chargers,DW Steyn,Deccan Chargers,Deccan Chargers,Deccan Chargers
501209,12,Rajasthan Royals,G Gambhir,Kolkata Knight Riders,Rajasthan Royals,Rajasthan Royals
501210,13,Mumbai Indians,BB McCullum,Kochi Tuskers Kerala,Mumbai Indians,Mumbai Indians
501211,14,Chennai Super Kings,MEK Hussey,Chennai Super Kings,Chennai Super Kings,Chennai Super Kings
501212,15,Deccan Chargers,PC Valthaty,Kings XI Punjab,Deccan Chargers,Deccan Chargers
501213,16,Pune Warriors,Yuvraj Singh,Delhi Daredevils,Pune Warriors,Pune Warriors
501214,17,Rajasthan Royals,L Balaji,Kolkata Knight Riders,Rajasthan Royals,Rajasthan Royals
501215,18,Chennai Super Kings,BB McCullum,Kochi Tuskers Kerala,Chennai Super Kings,Chennai Super Kings
501216,19,Deccan Chargers,S Sohal,Deccan Chargers,Deccan Chargers,Deccan Chargers
501218,21,Pune Warriors,MM Patel,Mumbai Indians,Pune Warriors,Pune Warriors
501219,22,Kochi Tuskers Kerala,DPMD Jayawardene,Kochi Tuskers Kerala,Kochi Tuskers Kerala,Kochi Tuskers Kerala
501220,23,Kings XI Punjab,SE Marsh,Kings XI Punjab,Kings XI Punjab,Kings XI Punjab
501221,25,Mumbai Indians,Harbhajan Singh,Mumbai Indians,Mumbai Indians,Mumbai Indians
501222,24,Kolkata Knight Riders,CH Gayle,Royal Challengers Bangalore,Kolkata Knight Riders,Kolkata Knight Riders
501223,26,Delhi Daredevils,DA Warner,Delhi Daredevils,Delhi Daredevils,Delhi Daredevils
501224,27,Mumbai Indians,SL Malinga,Mumbai Indians,Mumbai Indians,Mumbai Indians
501225,28,Kochi Tuskers Kerala,SK Warne,Rajasthan Royals,Kochi Tuskers Kerala,Kochi Tuskers Kerala
501226,29,Chennai Super Kings,MEK Hussey,Chennai Super Kings,Chennai Super Kings,Chennai Super Kings
501227,30,Delhi Daredevils,V Kohli,Royal Challengers Bangalore,Delhi Daredevils,Delhi Daredevils
501228,31,Pune Warriors,DE Bollinger,Chennai Super Kings,Pune Warriors,Pune Warriors
501229,32,Deccan Chargers,I Sharma,Deccan Chargers,Deccan Chargers,Deccan Chargers
501230,33,Kolkata Knight Riders,MK Tiwary,Kolkata Knight Riders,Kolkata Knight Riders,Kolkata Knight Riders
501231,34,Mumbai Indians,J Botha,Rajasthan Royals,Mumbai Indians,Mumbai Indians
501232,35,Royal Challengers Bangalore,V Kohli,Royal Challengers Bangalore,Royal Challengers Bangalore,Royal Challengers Bangalore
501233,36,Delhi Daredevils,V Sehwag,Delhi Daredevils,Delhi Daredevils,Delhi Daredevils
501234,37,Kings XI Punjab,Iqbal Abdulla,Kolkata Knight Riders,Kings XI Punjab,Kings XI Punjab
501235,38,Pune Warriors,LRPL Taylor,Rajasthan Royals,Pune Warriors,Pune Warriors
501236,39,Chennai Super Kings,JA Morkel,Chennai Super Kings,Chennai Super Kings,Chennai Super Kings
501237,40,Mumbai Indians,KA Pollard,Mumbai Indians,Mumbai Indians,Mumbai Indians
501238,41,Delhi Daredevils,P Parameswaran,Kochi Tuskers Kerala,Delhi Daredevils,Delhi Daredevils
501239,42,Kolkata Knight Riders,YK Pathan,Kolkata Knight Riders,Kolkata Knight Riders,Kolkata Knight Riders
501240,43,Rajasthan Royals,MEK Hussey,Chennai Super Kings,Rajasthan Royals,Rajasthan Royals
501241,44,Mumbai Indians,R Sharma,Mumbai Indians,Mumbai Indians,Mumbai Indians
501242,45,Kochi Tuskers Kerala,BJ Hodge,Kochi Tuskers Kerala,Kochi Tuskers Kerala,Kochi Tuskers Kerala
501243,46,Deccan Chargers,V Sehwag,Delhi Daredevils,Deccan Chargers,Deccan Chargers
501244,47,Royal Challengers Bangalore,CH Gayle,Royal Challengers Bangalore,Royal Challengers Bangalore,Royal Challengers Bangalore
501245,48,Chennai Super Kings,Iqbal Abdulla,Kolkata Knight Riders,Chennai Super Kings,Chennai Super Kings
501246,49,Mumbai Indians,AT Rayudu,Mumbai Indians,Mumbai Indians,Mumbai Indians
501247,50,Kochi Tuskers Kerala,CH Gayle,Royal Challengers Bangalore,Kochi Tuskers Kerala,Kochi Tuskers Kerala
501248,51,Kings XI Punjab,R Sharma,Pune Warriors,Kings XI Punjab,Kings XI Punjab
501249,52,Chennai Super Kings,M Vijay,Chennai Super Kings,Chennai Super Kings,Chennai Super Kings
501250,53,Deccan Chargers,MR Marsh,Pune Warriors,Deccan Chargers,Deccan Chargers
501251,54,Kings XI Punjab,BA Bhatt,Kings XI Punjab,Kings XI Punjab,Kings XI Punjab
501252,55,Rajasthan Royals,S Aravind,Royal Challengers Bangalore,Rajasthan Royals,Rajasthan Royals
501253,56,Chennai Super Kings,MS Dhoni,Chennai Super Kings,Chennai Super Kings,Chennai Super Kings
501254,57,Kochi Tuskers Kerala,KD Karthik,Kings XI Punjab,Kochi Tuskers Kerala,Kochi Tuskers Kerala
501255,58,Kolkata Knight Riders,CH Gayle,Royal Challengers Bangalore,Kolkata Knight Riders,Kolkata Knight Riders
501256,59,Deccan Chargers,A Mishra,Deccan Chargers,Deccan Chargers,Deccan Chargers
501257,60,Kings XI Punjab,PP Chawla,Kings XI Punjab,Kings XI Punjab,Kings XI Punjab
501258,61,Rajasthan Royals,BJ Hodge,Kochi Tuskers Kerala,Rajasthan Royals,Rajasthan Royals
501259,62,Pune Warriors,A Mishra,Deccan Chargers,Pune Warriors,Pune Warriors
501260,63,Kings XI Punjab,AC Gilchrist,Kings XI Punjab,Kings XI Punjab,Kings XI Punjab
501261,64,Chennai Super Kings,WP Saha,Chennai Super Kings,Chennai Super Kings,Chennai Super Kings
501262,65,Pune Warriors,YK Pathan,Kolkata Knight Riders,Pune Warriors,Pune Warriors
501263,66,Mumbai Indians,SR Watson,Rajasthan Royals,Mumbai Indians,Mumbai Indians
501264,67,Deccan Chargers,S Dhawan,Deccan Chargers,Deccan Chargers,Deccan Chargers
501265,68,Delhi Daredevils,Unknown,Unknown,Delhi Daredevils,Delhi Daredevils
501266,69,Chennai Super Kings,CH Gayle,Royal Challengers Bangalore,Chennai Super Kings,Chennai Super Kings
501267,70,Kolkata Knight Riders,JEC Franklin,Mumbai Indians,Kolkata Knight Riders,Kolkata Knight Riders
501268,Unknown,Royal Challengers Bangalore,SK Raina,Chennai Super Kings,Royal Challengers Bangalore,Royal Challengers Bangalore
501269,Unknown,Kolkata Knight Riders,MM Patel,Mumbai Indians,Kolkata Knight Riders,Kolkata Knight Riders
501270,Unknown,Royal Challengers Bangalore,CH Gayle,Royal Challengers Bangalore,Royal Challengers Bangalore,Royal Challengers Bangalore
501271,Unknown,Chennai Super Kings,M Vijay,Chennai Super Kings,Chennai Super Kings,Chennai Super Kings
548306,1,Chennai Super Kings,RE Levi,Mumbai Indians,Chennai Super Kings,Chennai Super Kings
548307,2,Kolkata Knight Riders,IK Pathan,Delhi Daredevils,Kolkata Knight Riders,Kolkata Knight Riders
548308,3,Pune Warriors,SPD Smith,Pune Warriors,Pune Warriors,Pune Warriors
548309,4,Rajasthan Royals,AM Rahane,Rajasthan Royals,Rajasthan Royals,Rajasthan Royals
548310,5,Royal Challengers Bangalore,AB de Villiers,Royal Challengers Bangalore,Royal Challengers Bangalore,Royal Challengers Bangalore
548311,6,Chennai Super Kings,RA Jadeja,Chennai Super Kings,Chennai Super Kings,Chennai Super Kings
548312,7,Rajasthan Royals,BJ Hodge,Rajasthan Royals,Rajasthan Royals,Rajasthan Royals
548313,8,Pune Warriors,MN Samuels,Pune Warriors,Pune Warriors,Pune Warriors
548314,9,Deccan Chargers,RG Sharma,Mumbai Indians,Deccan Chargers,Deccan Chargers
548315,10,Kolkata Knight Riders,L Balaji,Kolkata Knight Riders,Kolkata Knight Riders,Kolkata Knight Riders
548316,11,Chennai Super Kings,M Morkel,Delhi Daredevils,Chennai Super Kings,Chennai Super Kings
548317,12,Mumbai Indians,KA Pollard,Mumbai Indians,Mumbai Indians,Mumbai Indians
548318,13,Royal Challengers Bangalore,F du Plessis,Chennai Super Kings,Royal Challengers Bangalore,Royal Challengers Bangalore
548319,14,Pune Warriors,AD Mascarenhas,Kings XI Punjab,Pune Warriors,Pune Warriors
548320,15,Rajasthan Royals,Shakib Al Hasan,Kolkata Knight Riders,Rajasthan Royals,Rajasthan Royals
548322,16,Chennai Super Kings,JD Ryder,Pune Warriors,Chennai Super Kings,Chennai Super Kings
548323,17,Kings XI Punjab,SP Narine,Kings XI Punjab,Kings XI Punjab,Kings XI Punjab
548324,18,Rajasthan Royals,AM Rahane,Rajasthan Royals,Rajasthan Royals,Rajasthan Royals
548325,19,Mumbai Indians,S Nadeem,Delhi Daredevils,Mumbai Indians,Mumbai Indians
548326,20,Deccan Chargers,BJ Hodge,Rajasthan Royals,Deccan Chargers,Deccan Chargers
548327,21,Pune Warriors,CH Gayle,Royal Challengers Bangalore,Pune Warriors,Pune Warriors
548328,22,Kings XI Punjab,G Gambhir,Kolkata Knight Riders,Kings XI Punjab,Kings XI Punjab
548321,23,Deccan Chargers,KP Pietersen,Delhi Daredevils,Deccan Chargers,Deccan Chargers
548330,24,Chennai Super Kings,KMDN Kulasekara,Chennai Super Kings,Chennai Super Kings,Chennai Super Kings
548331,25,Kings XI Punjab,CH Gayle,Royal Challengers Bangalore,Kings XI Punjab,Kings XI Punjab
548332,26,Rajasthan Royals,F du Plessis,Chennai Super Kings,Rajasthan Royals,Rajasthan Royals
548333,27,Pune Warriors,SC Ganguly,Pune Warriors,Pune Warriors,Pune Warriors
548334,28,Mumbai Indians,SE Marsh,Kings XI Punjab,Mumbai Indians,Mumbai Indians
548335,29,Deccan Chargers,B Lee,Kolkata Knight Riders,Deccan Chargers,Deccan Chargers
548336,30,Royal Challengers Bangalore,AB de Villiers,Royal Challengers Bangalore,Royal Challengers Bangalore,Royal Challengers Bangalore
548337,31,Pune Warriors,V Sehwag,Delhi Daredevils,Pune Warriors,Pune Warriors
548339,33,Kings XI Punjab,AT Rayudu,Mumbai Indians,Kings XI Punjab,Kings XI Punjab
548341,35,Deccan Chargers,CL White,Deccan Chargers,Deccan Chargers,Deccan Chargers
548342,36,Delhi Daredevils,V Sehwag,Delhi Daredevils,Delhi Daredevils,Delhi Daredevils
548343,37,Kings XI Punjab,Mandeep Singh,Kings XI Punjab,Kings XI Punjab,Kings XI Punjab
548344,38,Kolkata Knight Riders,G Gambhir,Kolkata Knight Riders,Kolkata Knight Riders,Kolkata Knight Riders
548345,39,Delhi Daredevils,V Sehwag,Delhi Daredevils,Delhi Daredevils,Delhi Daredevils
548346,40,Deccan Chargers,DW Steyn,Mumbai Indians,Deccan Chargers,Deccan Chargers
548347,41,Chennai Super Kings,G Gambhir,Kolkata Knight Riders,Chennai Super Kings,Chennai Super Kings
548348,42,Deccan Chargers,KC Sangakkara,Deccan Chargers,Deccan Chargers,Deccan Chargers
548349,43,Rajasthan Royals,P Negi,Delhi Daredevils,Rajasthan Royals,Rajasthan Royals
548350,44,Royal Challengers Bangalore,Azhar Mahmood,Kings XI Punjab,Royal Challengers Bangalore,Royal Challengers Bangalore
548351,45,Mumbai Indians,SL Malinga,Mumbai Indians,Mumbai Indians,Mumbai Indians
548352,46,Chennai Super Kings,SK Raina,Chennai Super Kings,Chennai Super Kings,Chennai Super Kings
548353,47,Kolkata Knight Riders,SP Narine,Kolkata Knight Riders,Kolkata Knight Riders,Kolkata Knight Riders
548354,48,Rajasthan Royals,SR Watson,Rajasthan Royals,Rajasthan Royals,Rajasthan Royals
548355,49,Chennai Super Kings,DR Smith,Mumbai Indians,Chennai Super Kings,Chennai Super Kings
548356,50,Deccan Chargers,AB de Villiers,Royal Challengers Bangalore,Deccan Chargers,Deccan Chargers
548357,51,Delhi Daredevils,JH Kallis,Kolkata Knight Riders,Delhi Daredevils,Delhi Daredevils
548358,52,Pune Warriors,SR Watson,Rajasthan Royals,Pune Warriors,Pune Warriors
548359,53,Kings XI Punjab,Mandeep Singh,Kings XI Punjab,Kings XI Punjab,Kings XI Punjab
548360,54,Mumbai Indians,CH Gayle,Royal Challengers Bangalore,Mumbai Indians,Mumbai Indians
548329,55,Deccan Chargers,DA Warner,Delhi Daredevils,Deccan Chargers,Deccan Chargers
548361,56,Rajasthan Royals,BW Hilfenhaus,Chennai Super Kings,Rajasthan Royals,Rajasthan Royals
548362,57,Royal Challengers Bangalore,CH Gayle,Royal Challengers Bangalore,Royal Challengers Bangalore,Royal Challengers Bangalore
548363,58,Mumbai Indians,RG Sharma,Mumbai Indians,Mumbai Indians,Mumbai Indians
548364,59,Delhi Daredevils,BW Hilfenhaus,Chennai Super Kings,Delhi Daredevils,Delhi Daredevils
548365,60,Rajasthan Royals,A Chandila,Rajasthan Royals,Rajasthan Royals,Rajasthan Royals
548366,61,Deccan Chargers,DJ Hussey,Kings XI Punjab,Deccan Chargers,Deccan Chargers
548367,62,Royal Challengers Bangalore,AT Rayudu,Mumbai Indians,Royal Challengers Bangalore,Royal Challengers Bangalore
548368,63,Kolkata Knight Riders,MEK Hussey,Chennai Super Kings,Kolkata Knight Riders,Kolkata Knight Riders
548369,64,Kings XI Punjab,UT Yadav,Delhi Daredevils,Kings XI Punjab,Kings XI Punjab
548370,65,Kolkata Knight Riders,SP Narine,Kolkata Knight Riders,Kolkata Knight Riders,Kolkata Knight Riders
548371,66,Chennai Super Kings,AC Gilchrist,Kings XI Punjab,Chennai Super Kings,Chennai Super Kings
548372,67,Royal Challengers Bangalore,CH Gayle,Royal Challengers Bangalore,Royal Challengers Bangalore,Royal Challengers Bangalore
548373,68,Rajasthan Royals,DW Steyn,Deccan Chargers,Rajasthan Royals,Rajasthan Royals
548374,69,Kings XI Punjab,UT Yadav,Delhi Daredevils,Kings XI Punjab,Kings XI Punjab
548375,70,Kolkata Knight Riders,Shakib Al Hasan,Kolkata Knight Riders,Kolkata Knight Riders,Kolkata Knight Riders
548376,71,Deccan Chargers,DW Steyn,Deccan Chargers,Deccan Chargers,Deccan Chargers
548377,72,Rajasthan Royals,DR Smith,Mumbai Indians,Rajasthan Royals,Rajasthan Royals
548378,Unknown,Kolkata Knight Riders,YK Pathan,Kolkata Knight Riders,Kolkata Knight Riders,Kolkata Knight Riders
548379,Unknown,Chennai Super Kings,MS Dhoni,Chennai Super Kings,Chennai Super Kings,Chennai Super Kings
548380,Unknown,Chennai Super Kings,M Vijay,Chennai Super Kings,Chennai Super Kings,Chennai Super Kings
548381,Unknown,Chennai Super Kings,MS Bisla,Kolkata Knight Riders,Chennai Super Kings,Chennai Super Kings
597998,1,Delhi Daredevils,SP Narine,Kolkata Knight Riders,Delhi Daredevils,Delhi Daredevils
597999,2,Royal Challengers Bangalore,CH Gayle,Royal Challengers Bangalore,Royal Challengers Bangalore,Royal Challengers Bangalore
598000,3,Sunrisers Hyderabad,A Mishra,Sunrisers Hyderabad,Sunrisers Hyderabad,Sunrisers Hyderabad
598001,4,Rajasthan Royals,R Dravid,Rajasthan Royals,Rajasthan Royals,Rajasthan Royals
598002,5,Mumbai Indians,KA Pollard,Mumbai Indians,Mumbai Indians,Mumbai Indians
598003,6,Pune Warriors,M Vohra,Kings XI Punjab,Pune Warriors,Pune Warriors
598004,7,Royal Challengers Bangalore,GH Vihari,Unknown,Royal Challengers Bangalore,Royal Challengers Bangalore
598005,8,Rajasthan Royals,SK Trivedi,Rajasthan Royals,Rajasthan Royals,Rajasthan Royals
598006,10,Mumbai Indians,KD Karthik,Mumbai Indians,Mumbai Indians,Mumbai Indians
598048,9,Sunrisers Hyderabad,V Kohli,Royal Challengers Bangalore,Sunrisers Hyderabad,Sunrisers Hyderabad
598007,11,Kings XI Punjab,MEK Hussey,Chennai Super Kings,Kings XI Punjab,Kings XI Punjab
598008,12,Kolkata Knight Riders,CH Gayle,Royal Challengers Bangalore,Kolkata Knight Riders,Kolkata Knight Riders
598009,13,Rajasthan Royals,AJ Finch,Pune Warriors,Rajasthan Royals,Rajasthan Royals
598010,14,Delhi Daredevils,A Mishra,Sunrisers Hyderabad,Delhi Daredevils,Delhi Daredevils
598011,15,Mumbai Indians,RG Sharma,Mumbai Indians,Mumbai Indians,Mumbai Indians
598012,16,Royal Challengers Bangalore,RA Jadeja,Chennai Super Kings,Royal Challengers Bangalore,Royal Challengers Bangalore
598013,17,Kolkata Knight Riders,G Gambhir,Kolkata Knight Riders,Kolkata Knight Riders,Kolkata Knight Riders
598014,18,Kings XI Punjab,JP Faulkner,Rajasthan Royals,Kings XI Punjab,Kings XI Punjab
598015,19,Pune Warriors,SPD Smith,Pune Warriors,Pune Warriors,Pune Warriors
598016,20,Kings XI Punjab,MS Gony,Kings XI Punjab,Kings XI Punjab,Kings XI Punjab
598017,21,Delhi Daredevils,V Kohli,Unknown,Delhi Daredevils,Delhi Daredevils
598018,22,Sunrisers Hyderabad,A Mishra,Sunrisers Hyderabad,Sunrisers Hyderabad,Sunrisers Hyderabad
598019,23,Rajasthan Royals,AM Rahane,Rajasthan Royals,Rajasthan Royals,Rajasthan Royals
598020,24,Chennai Super Kings,MEK Hussey,Chennai Super Kings,Chennai Super Kings,Chennai Super Kings
598021,25,Kings XI Punjab,GH Vihari,Sunrisers Hyderabad,Kings XI Punjab,Kings XI Punjab
598022,26,Kolkata Knight Riders,RA Jadeja,Chennai Super Kings,Kolkata Knight Riders,Kolkata Knight Riders
598023,27,Rajasthan Royals,R Vinay Kumar,Royal Challengers Bangalore,Rajasthan Royals,Rajasthan Royals
598024,28,Mumbai Indians,V Sehwag,Delhi Daredevils,Mumbai Indians,Mumbai Indians
598025,29,Pune Warriors,DA Miller,Kings XI Punjab,Pune Warriors,Pune Warriors
598026,30,Rajasthan Royals,MEK Hussey,Chennai Super Kings,Rajasthan Royals,Rajasthan Royals
598027,31,Royal Challengers Bangalore,CH Gayle,Royal Challengers Bangalore,Royal Challengers Bangalore,Royal Challengers Bangalore
598059,32,Delhi Daredevils,Harmeet Singh,Kings XI Punjab,Delhi Daredevils,Delhi Daredevils
598029,33,Kolkata Knight Riders,DR Smith,Mumbai Indians,Kolkata Knight Riders,Kolkata Knight Riders
598030,34,Sunrisers Hyderabad,MS Dhoni,Chennai Super Kings,Sunrisers Hyderabad,Sunrisers Hyderabad
598031,35,Kings XI Punjab,JH Kallis,Kolkata Knight Riders,Kings XI Punjab,Kings XI Punjab
598032,36,Sunrisers Hyderabad,JP Faulkner,Rajasthan Royals,Sunrisers Hyderabad,Sunrisers Hyderabad
598033,37,Mumbai Indians,DR Smith,Mumbai Indians,Mumbai Indians,Mumbai Indians
598034,38,Chennai Super Kings,MEK Hussey,Chennai Super Kings,Chennai Super Kings,Chennai Super Kings
598035,39,Delhi Daredevils,DA Warner,Delhi Daredevils,Delhi Daredevils,Delhi Daredevils
598036,40,Royal Challengers Bangalore,SV Samson,Rajasthan Royals,Royal Challengers Bangalore,Royal Challengers Bangalore
598037,41,Mumbai Indians,RG Sharma,Mumbai Indians,Mumbai Indians,Mumbai Indians
598038,42,Chennai Super Kings,MS Dhoni,Chennai Super Kings,Chennai Super Kings,Chennai Super Kings
598039,43,Mumbai Indians,I Sharma,Sunrisers Hyderabad,Mumbai Indians,Mumbai Indians
598040,44,Kolkata Knight Riders,DA Warner,Delhi Daredevils,Kolkata Knight Riders,Kolkata Knight Riders
598041,45,Chennai Super Kings,SK Raina,Chennai Super Kings,Chennai Super Kings,Chennai Super Kings
598042,46,Royal Challengers Bangalore,AB de Villiers,Royal Challengers Bangalore,Royal Challengers Bangalore,Royal Challengers Bangalore
598043,47,Rajasthan Royals,YK Pathan,Kolkata Knight Riders,Rajasthan Royals,Rajasthan Royals
598044,48,Delhi Daredevils,DJG Sammy,Sunrisers Hyderabad,Delhi Daredevils,Delhi Daredevils
598046,49,Mumbai Indians,MG Johnson,Mumbai Indians,Mumbai Indians,Mumbai Indians
598047,50,Pune Warriors,AM Rahane,Rajasthan Royals,Pune Warriors,Pune Warriors
598064,51,Royal Challengers Bangalore,DA Miller,Kings XI Punjab,Royal Challengers Bangalore,Royal Challengers Bangalore
598049,52,Delhi Daredevils,AM Rahane,Rajasthan Royals,Delhi Daredevils,Delhi Daredevils
598050,53,Mumbai Indians,SR Tendulkar,Mumbai Indians,Mumbai Indians,Mumbai Indians
598051,54,Chennai Super Kings,SK Raina,Chennai Super Kings,Chennai Super Kings,Chennai Super Kings
598052,55,Kings XI Punjab,KK Cooper,Rajasthan Royals,Kings XI Punjab,Kings XI Punjab
598053,56,Kolkata Knight Riders,G Gambhir,Kolkata Knight Riders,Kolkata Knight Riders,Kolkata Knight Riders
598054,57,Royal Challengers Bangalore,JD Unadkat,Royal Challengers Bangalore,Royal Challengers Bangalore,Royal Challengers Bangalore
598055,58,Pune Warriors,MG Johnson,Mumbai Indians,Pune Warriors,Pune Warriors
598056,59,Sunrisers Hyderabad,PA Patel,Sunrisers Hyderabad,Sunrisers Hyderabad,Sunrisers Hyderabad
598057,60,Royal Challengers Bangalore,JH Kallis,Kolkata Knight Riders,Royal Challengers Bangalore,Royal Challengers Bangalore
598058,61,Chennai Super Kings,SR Watson,Rajasthan Royals,Chennai Super Kings,Chennai Super Kings
598060,62,Sunrisers Hyderabad,KA Pollard,Mumbai Indians,Sunrisers Hyderabad,Sunrisers Hyderabad
598045,63,Royal Challengers Bangalore,AC Gilchrist,Kings XI Punjab,Royal Challengers Bangalore,Royal Challengers Bangalore
598062,64,Chennai Super Kings,MS Dhoni,Chennai Super Kings,Chennai Super Kings,Chennai Super Kings
598061,65,Pune Warriors,MK Pandey,Pune Warriors,Pune Warriors,Pune Warriors
598063,66,Mumbai Indians,AP Tare,Mumbai Indians,Mumbai Indians,Mumbai Indians
598028,67,Kings XI Punjab,DA Miller,Kings XI Punjab,Kings XI Punjab,Kings XI Punjab
598065,68,Sunrisers Hyderabad,A Mishra,Sunrisers Hyderabad,Sunrisers Hyderabad,Sunrisers Hyderabad
598066,69,Kings XI Punjab,Azhar Mahmood,Kings XI Punjab,Kings XI Punjab,Kings XI Punjab
598068,70,Royal Challengers Bangalore,V Kohli,Royal Challengers Bangalore,Royal Challengers Bangalore,Royal Challengers Bangalore
598067,71,Pune Warriors,LJ Wright,Pune Warriors,Pune Warriors,Pune Warriors
598069,72,Kolkata Knight Riders,PA Patel,Sunrisers Hyderabad,Kolkata Knight Riders,Kolkata Knight Riders
598070,Unknown,Chennai Super Kings,MEK Hussey,Chennai Super Kings,Chennai Super Kings,Chennai Super Kings
598071,Unknown,Sunrisers Hyderabad,BJ Hodge,Rajasthan Royals,Sunrisers Hyderabad,Sunrisers Hyderabad
598072,Unknown,Rajasthan Royals,Harbhajan Singh,Mumbai Indians,Rajasthan Royals,Rajasthan Royals
598073,Unknown,Mumbai Indians,KA Pollard,Mumbai Indians,Mumbai Indians,Mumbai Indians
729279,1,Kolkata Knight Riders,JH Kallis,Kolkata Knight Riders,Kolkata Knight Riders,Kolkata Knight Riders
729281,2,Delhi Daredevils,YS Chahal,Royal Challengers Bangalore,Delhi Daredevils,Delhi Daredevils
729283,3,Chennai Super Kings,GJ Maxwell,Kings XI Punjab,Chennai Super Kings,Chennai Super Kings
729285,4,Sunrisers Hyderabad,AM Rahane,Rajasthan Royals,Sunrisers Hyderabad,Sunrisers Hyderabad
729287,5,Mumbai Indians,PA Patel,Royal Challengers Bangalore,Mumbai Indians,Mumbai Indians
729289,6,Kolkata Knight Riders,JP Duminy,Delhi Daredevils,Kolkata Knight Riders,Kolkata Knight Riders
729291,7,Rajasthan Royals,GJ Maxwell,Kings XI Punjab,Rajasthan Royals,Rajasthan Royals
729293,8,Chennai Super Kings,SK Raina,Chennai Super Kings,Chennai Super Kings,Chennai Super Kings
729295,9,Kings XI Punjab,GJ Maxwell,Kings XI Punjab,Kings XI Punjab,Kings XI Punjab
729297,10,Chennai Super Kings,RA Jadeja,Chennai Super Kings,Chennai Super Kings,Chennai Super Kings
729299,11,Kolkata Knight Riders,CA Lynn,Kolkata Knight Riders,Kolkata Knight Riders,Kolkata Knight Riders
729301,12,Sunrisers Hyderabad,AJ Finch,Sunrisers Hyderabad,Sunrisers Hyderabad,Sunrisers Hyderabad
729303,13,Mumbai Indians,MM Sharma,Chennai Super Kings,Mumbai Indians,Mumbai Indians
729305,14,Royal Challengers Bangalore,PV Tambe,Rajasthan Royals,Royal Challengers Bangalore,Royal Challengers Bangalore
729307,15,Kings XI Punjab,Sandeep Sharma,Kings XI Punjab,Kings XI Punjab,Kings XI Punjab
729309,16,Mumbai Indians,M Vijay,Delhi Daredevils,Mumbai Indians,Mumbai Indians
729311,17,Sunrisers Hyderabad,DR Smith,Chennai Super Kings,Sunrisers Hyderabad,Sunrisers Hyderabad
729313,18,Royal Challengers Bangalore,Sandeep Sharma,Kings XI Punjab,Royal Challengers Bangalore,Royal Challengers Bangalore
729315,19,Rajasthan Royals,JP Faulkner,Unknown,Rajasthan Royals,Rajasthan Royals
729317,20,Sunrisers Hyderabad,B Kumar,Sunrisers Hyderabad,Sunrisers Hyderabad,Sunrisers Hyderabad
733971,21,Chennai Super Kings,RA Jadeja,Chennai Super Kings,Chennai Super Kings,Chennai Super Kings
733973,22,Kings XI Punjab,CJ Anderson,Mumbai Indians,Kings XI Punjab,Kings XI Punjab
733975,23,Delhi Daredevils,KK Nair,Rajasthan Royals,Delhi Daredevils,Delhi Daredevils
733977,24,Sunrisers Hyderabad,AB de Villiers,Royal Challengers Bangalore,Sunrisers Hyderabad,Sunrisers Hyderabad
733979,25,Rajasthan Royals,PV Tambe,Rajasthan Royals,Rajasthan Royals,Rajasthan Royals
733981,26,Delhi Daredevils,DR Smith,Chennai Super Kings,Delhi Daredevils,Delhi Daredevils
733983,27,Mumbai Indians,RG Sharma,Mumbai Indians,Mumbai Indians,Mumbai Indians
733985,28,Delhi Daredevils,G Gambhir,Kolkata Knight Riders,Delhi Daredevils,Delhi Daredevils
733987,29,Kings XI Punjab,GJ Maxwell,Kings XI Punjab,Kings XI Punjab,Kings XI Punjab
733989,30,Sunrisers Hyderabad,B Kumar,Sunrisers Hyderabad,Sunrisers Hyderabad,Sunrisers Hyderabad
733991,31,Kings XI Punjab,Sandeep Sharma,Kings XI Punjab,Kings XI Punjab,Kings XI Punjab
733993,32,Delhi Daredevils,DW Steyn,Sunrisers Hyderabad,Delhi Daredevils,Delhi Daredevils
733995,33,Mumbai Indians,DR Smith,Chennai Super Kings,Mumbai Indians,Mumbai Indians
733997,34,Kings XI Punjab,G Gambhir,Kolkata Knight Riders,Kings XI Punjab,Kings XI Punjab
733999,35,Royal Challengers Bangalore,JP Faulkner,Rajasthan Royals,Royal Challengers Bangalore,Royal Challengers Bangalore
734001,36,Sunrisers Hyderabad,AT Rayudu,Mumbai Indians,Sunrisers Hyderabad,Sunrisers Hyderabad
734003,37,Rajasthan Royals,RA Jadeja,Chennai Super Kings,Rajasthan Royals,Rajasthan Royals
734005,38,Royal Challengers Bangalore,Yuvraj Singh,Royal Challengers Bangalore,Royal Challengers Bangalore,Royal Challengers Bangalore
734007,39,Sunrisers Hyderabad,WP Saha,Kings XI Punjab,Sunrisers Hyderabad,Sunrisers Hyderabad
734009,40,Mumbai Indians,RV Uthappa,Kolkata Knight Riders,Mumbai Indians,Mumbai Indians
734011,41,Rajasthan Royals,AM Rahane,Rajasthan Royals,Rajasthan Royals,Rajasthan Royals
734013,42,Chennai Super Kings,AB de Villiers,Royal Challengers Bangalore,Chennai Super Kings,Chennai Super Kings
734015,43,Sunrisers Hyderabad,UT Yadav,Kolkata Knight Riders,Sunrisers Hyderabad,Sunrisers Hyderabad
734017,44,Mumbai Indians,MEK Hussey,Mumbai Indians,Mumbai Indians,Mumbai Indians
734019,45,Delhi Daredevils,AR Patel,Kings XI Punjab,Delhi Daredevils,Delhi Daredevils
734021,46,Royal Challengers Bangalore,DA Warner,Sunrisers Hyderabad,Royal Challengers Bangalore,Royal Challengers Bangalore
734023,47,Chennai Super Kings,RV Uthappa,Kolkata Knight Riders,Chennai Super Kings,Chennai Super Kings
734025,48,Kings XI Punjab,LMP Simmons,Mumbai Indians,Kings XI Punjab,Kings XI Punjab
734027,49,Kolkata Knight Riders,RV Uthappa,Kolkata Knight Riders,Kolkata Knight Riders,Kolkata Knight Riders
734029,50,Chennai Super Kings,DA Warner,Sunrisers Hyderabad,Chennai Super Kings,Chennai Super Kings
734031,51,Mumbai Indians,MEK Hussey,Mumbai Indians,Mumbai Indians,Mumbai Indians
734033,52,Kings XI Punjab,SE Marsh,Kings XI Punjab,Kings XI Punjab,Kings XI Punjab
734035,53,Royal Challengers Bangalore,MS Dhoni,Chennai Super Kings,Royal Challengers Bangalore,Royal Challengers Bangalore
734037,54,Sunrisers Hyderabad,YK Pathan,Kolkata Knight Riders,Sunrisers Hyderabad,Sunrisers Hyderabad
734039,55,Delhi Daredevils,M Vohra,Kings XI Punjab,Delhi Daredevils,Delhi Daredevils
734041,56,Rajasthan Royals,CJ Anderson,Mumbai Indians,Rajasthan Royals,Rajasthan Royals
734043,Unknown,Kolkata Knight Riders,UT Yadav,Kolkata Knight Riders,Kolkata Knight Riders,Kolkata Knight Riders
734045,Unknown,Mumbai Indians,SK Raina,Chennai Super Kings,Mumbai Indians,Mumbai Indians
734047,Unknown,Kings XI Punjab,V Sehwag,Kings XI Punjab,Kings XI Punjab,Kings XI Punjab
734049,Unknown,Kings XI Punjab,MK Pandey,Kolkata Knight Riders,Kings XI Punjab,Kings XI Punjab
829705,1,Mumbai Indians,M Morkel,Kolkata Knight Riders,Mumbai Indians,Mumbai Indians
829707,2,Chennai Super Kings,A Nehra,Chennai Super Kings,Chennai Super Kings,Chennai Super Kings
829709,3,Rajasthan Royals,JP Faulkner,Rajasthan Royals,Rajasthan Royals,Rajasthan Royals
829711,4,Chennai Super Kings,BB McCullum,Chennai Super Kings,Chennai Super Kings,Chennai Super Kings
829713,5,Kolkata Knight Riders,CH Gayle,Royal Challengers Bangalore,Kolkata Knight Riders,Kolkata Knight Riders
829715,6,Delhi Daredevils,DJ Hooda,Rajasthan Royals,Delhi Daredevils,Delhi Daredevils
829717,7,Kings XI Punjab,GJ Bailey,Kings XI Punjab,Kings XI Punjab,Kings XI Punjab
829719,8,Royal Challengers Bangalore,DA Warner,Sunrisers Hyderabad,Royal Challengers Bangalore,Royal Challengers Bangalore
829721,9,Mumbai Indians,SPD Smith,Rajasthan Royals,Mumbai Indians,Mumbai Indians
829725,10,Kings XI Punjab,MA Agarwal,Delhi Daredevils,Kings XI Punjab,Kings XI Punjab
829727,11,Sunrisers Hyderabad,AM Rahane,Rajasthan Royals,Sunrisers Hyderabad,Sunrisers Hyderabad
829729,12,Mumbai Indians,A Nehra,Chennai Super Kings,Mumbai Indians,Mumbai Indians
829731,13,Delhi Daredevils,JP Duminy,Delhi Daredevils,Delhi Daredevils,Delhi Daredevils
829733,14,Kings XI Punjab,AD Russell,Kolkata Knight Riders,Kings XI Punjab,Kings XI Punjab
829735,15,Chennai Super Kings,AM Rahane,Rajasthan Royals,Chennai Super Kings,Chennai Super Kings
829737,16,Mumbai Indians,Harbhajan Singh,Mumbai Indians,Mumbai Indians,Mumbai Indians
829739,17,Delhi Daredevils,UT Yadav,Kolkata Knight Riders,Delhi Daredevils,Delhi Daredevils
829741,18,Rajasthan Royals,SE Marsh,Unknown,Rajasthan Royals,Rajasthan Royals
829743,19,Sunrisers Hyderabad,DA Warner,Sunrisers Hyderabad,Sunrisers Hyderabad,Sunrisers Hyderabad
829745,20,Chennai Super Kings,SK Raina,Chennai Super Kings,Chennai Super Kings,Chennai Super Kings
829747,21,Delhi Daredevils,SS Iyer,Delhi Daredevils,Delhi Daredevils,Delhi Daredevils
829749,22,Rajasthan Royals,MA Starc,Royal Challengers Bangalore,Rajasthan Royals,Rajasthan Royals
829751,23,Mumbai Indians,SL Malinga,Mumbai Indians,Mumbai Indians,Mumbai Indians
829753,24,Chennai Super Kings,BB McCullum,Chennai Super Kings,Chennai Super Kings,Chennai Super Kings
829757,26,Delhi Daredevils,VR Aaron,Royal Challengers Bangalore,Delhi Daredevils,Delhi Daredevils
829759,27,Sunrisers Hyderabad,TA Boult,Sunrisers Hyderabad,Sunrisers Hyderabad,Sunrisers Hyderabad
829765,28,Chennai Super Kings,DJ Bravo,Chennai Super Kings,Chennai Super Kings,Chennai Super Kings
829763,29,Royal Challengers Bangalore,Unknown,Unknown,Royal Challengers Bangalore,Royal Challengers Bangalore
829723,30,Chennai Super Kings,AD Russell,Kolkata Knight Riders,Chennai Super Kings,Chennai Super Kings
829767,31,Kings XI Punjab,NM Coulter-Nile,Delhi Daredevils,Kings XI Punjab,Kings XI Punjab
829769,32,Mumbai Indians,AT Rayudu,Mumbai Indians,Mumbai Indians,Mumbai Indians
829771,33,Kolkata Knight Riders,Mandeep Singh,Royal Challengers Bangalore,Kolkata Knight Riders,Kolkata Knight Riders
829773,34,Sunrisers Hyderabad,DA Warner,Sunrisers Hyderabad,Sunrisers Hyderabad,Sunrisers Hyderabad
829775,35,Mumbai Indians,LMP Simmons,Mumbai Indians,Mumbai Indians,Mumbai Indians
829777,36,Rajasthan Royals,AM Rahane,Rajasthan Royals,Rajasthan Royals,Rajasthan Royals
829779,37,Chennai Super Kings,SK Raina,Chennai Super Kings,Chennai Super Kings,Chennai Super Kings
829781,38,Kolkata Knight Riders,UT Yadav,Kolkata Knight Riders,Kolkata Knight Riders,Kolkata Knight Riders
829783,39,Delhi Daredevils,Harbhajan Singh,Mumbai Indians,Delhi Daredevils,Delhi Daredevils
829785,40,Royal Challengers Bangalore,CH Gayle,Royal Challengers Bangalore,Royal Challengers Bangalore,Royal Challengers Bangalore
829761,42,Kolkata Knight Riders,PP Chawla,Kolkata Knight Riders,Kolkata Knight Riders,Kolkata Knight Riders
829787,41,Sunrisers Hyderabad,EJG Morgan,Sunrisers Hyderabad,Sunrisers Hyderabad,Sunrisers Hyderabad
829789,43,Chennai Super Kings,HH Pandya,Mumbai Indians,Chennai Super Kings,Chennai Super Kings
829791,44,Kings XI Punjab,AD Russell,Kolkata Knight Riders,Kings XI Punjab,Kings XI Punjab
829793,45,Sunrisers Hyderabad,MC Henriques,Sunrisers Hyderabad,Sunrisers Hyderabad,Sunrisers Hyderabad
829795,46,Royal Challengers Bangalore,AB de Villiers,Royal Challengers Bangalore,Royal Challengers Bangalore,Royal Challengers Bangalore
829797,47,Chennai Super Kings,RA Jadeja,Chennai Super Kings,Chennai Super Kings,Chennai Super Kings
829799,48,Sunrisers Hyderabad,DA Warner,Sunrisers Hyderabad,Sunrisers Hyderabad,Sunrisers Hyderabad
829801,49,Chennai Super Kings,Z Khan,Delhi Daredevils,Chennai Super Kings,Chennai Super Kings
829803,50,Kings XI Punjab,AR Patel,Kings XI Punjab,Kings XI Punjab,Kings XI Punjab
829805,51,Mumbai Indians,HH Pandya,Mumbai Indians,Mumbai Indians,Mumbai Indians
829807,52,Sunrisers Hyderabad,V Kohli,Royal Challengers Bangalore,Sunrisers Hyderabad,Sunrisers Hyderabad
829809,53,Kings XI Punjab,P Negi,Chennai Super Kings,Kings XI Punjab,Kings XI Punjab
829811,54,Rajasthan Royals,SR Watson,Rajasthan Royals,Rajasthan Royals,Rajasthan Royals
829813,55,Delhi Daredevils,Unknown,Unknown,Delhi Daredevils,Delhi Daredevils
829815,56,Sunrisers Hyderabad,MJ McClenaghan,Mumbai Indians,Sunrisers Hyderabad,Sunrisers Hyderabad
829817,Unknown,Mumbai Indians,KA Pollard,Mumbai Indians,Mumbai Indians,Mumbai Indians
829819,Unknown,Royal Challengers Bangalore,AB de Villiers,Royal Challengers Bangalore,Royal Challengers Bangalore,Royal Challengers Bangalore
829821,Unknown,Royal Challengers Bangalore,A Nehra,Chennai Super Kings,Royal Challengers Bangalore,Royal Challengers Bangalore
829823,Unknown,Mumbai Indians,RG Sharma,Mumbai Indians,Mumbai Indians,Mumbai Indians
980901,1,Mumbai Indians,AM Rahane,Rising Pune Supergiants,Mumbai Indians,Mumbai Indians
980903,2,Delhi Daredevils,AD Russell,Kolkata Knight Riders,Delhi Daredevils,Delhi Daredevils
980905,3,Kings XI Punjab,AJ Finch,Gujarat Lions,Kings XI Punjab,Kings XI Punjab
980907,4,Royal Challengers Bangalore,AB de Villiers,Royal Challengers Bangalore,Royal Challengers Bangalore,Royal Challengers Bangalore
980909,5,Kolkata Knight Riders,RG Sharma,Mumbai Indians,Kolkata Knight Riders,Kolkata Knight Riders
980911,6,Rising Pune Supergiants,AJ Finch,Gujarat Lions,Rising Pune Supergiants,Rising Pune Supergiants
980913,7,Kings XI Punjab,A Mishra,Delhi Daredevils,Kings XI Punjab,Kings XI Punjab
980915,8,Sunrisers Hyderabad,G Gambhir,Kolkata Knight Riders,Sunrisers Hyderabad,Sunrisers Hyderabad
980917,9,Mumbai Indians,AJ Finch,Gujarat Lions,Mumbai Indians,Mumbai Indians
980919,10,Rising Pune Supergiants,M Vohra,Kings XI Punjab,Rising Pune Supergiants,Rising Pune Supergiants
980921,11,Royal Challengers Bangalore,Q de Kock,Delhi Daredevils,Royal Challengers Bangalore,Royal Challengers Bangalore
980923,12,Mumbai Indians,DA Warner,Sunrisers Hyderabad,Mumbai Indians,Mumbai Indians
980925,13,Kings XI Punjab,RV Uthappa,Kolkata Knight Riders,Kings XI Punjab,Kings XI Punjab
980927,14,Royal Challengers Bangalore,RG Sharma,Mumbai Indians,Royal Challengers Bangalore,Royal Challengers Bangalore
980929,15,Gujarat Lions,B Kumar,Sunrisers Hyderabad,Gujarat Lions,Gujarat Lions
980931,16,Royal Challengers Bangalore,AB de Villiers,Royal Challengers Bangalore,Royal Challengers Bangalore,Royal Challengers Bangalore
980933,17,Delhi Daredevils,SV Samson,Delhi Daredevils,Delhi Daredevils,Delhi Daredevils
980935,18,Kings XI Punjab,Mustafizur Rahman,Sunrisers Hyderabad,Kings XI Punjab,Kings XI Punjab
980937,19,Royal Challengers Bangalore,V Kohli,Gujarat Lions,Royal Challengers Bangalore,Royal Challengers Bangalore
980939,20,Rising Pune Supergiants,SA Yadav,Kolkata Knight Riders,Rising Pune Supergiants,Rising Pune Supergiants
980941,21,Mumbai Indians,PA Patel,Mumbai Indians,Mumbai Indians,Mumbai Indians
980943,22,Sunrisers Hyderabad,AB Dinda,Rising Pune Supergiants,Sunrisers Hyderabad,Sunrisers Hyderabad
980945,23,Gujarat Lions,CH Morris,Gujarat Lions,Gujarat Lions,Gujarat Lions
980947,24,Kolkata Knight Riders,RG Sharma,Mumbai Indians,Kolkata Knight Riders,Kolkata Knight Riders
980949,25,Rising Pune Supergiants,DR Smith,Gujarat Lions,Rising Pune Supergiants,Rising Pune Supergiants
980951,26,Delhi Daredevils,CR Brathwaite,Delhi Daredevils,Delhi Daredevils,Delhi Daredevils
980953,27,Sunrisers Hyderabad,DA Warner,Sunrisers Hyderabad,Sunrisers Hyderabad,Sunrisers Hyderabad
980955,28,Kings XI Punjab,AR Patel,Kings XI Punjab,Kings XI Punjab,Kings XI Punjab
980957,29,Rising Pune Supergiants,RG Sharma,Mumbai Indians,Rising Pune Supergiants,Rising Pune Supergiants
980959,30,Royal Challengers Bangalore,AD Russell,Kolkata Knight Riders,Royal Challengers Bangalore,Royal Challengers Bangalore
980961,31,Gujarat Lions,RR Pant,Delhi Daredevils,Gujarat Lions,Gujarat Lions
980963,32,Kolkata Knight Riders,AD Russell,Kolkata Knight Riders,Kolkata Knight Riders,Kolkata Knight Riders
980965,33,Delhi Daredevils,AM Rahane,Rising Pune Supergiants,Delhi Daredevils,Delhi Daredevils
980967,34,Gujarat Lions,B Kumar,Sunrisers Hyderabad,Gujarat Lions,Gujarat Lions
980969,35,Rising Pune Supergiants,V Kohli,Royal Challengers Bangalore,Rising Pune Supergiants,Rising Pune Supergiants
980971,36,Kings XI Punjab,MP Stoinis,Kings XI Punjab,Kings XI Punjab,Kings XI Punjab
980973,37,Sunrisers Hyderabad,A Nehra,Sunrisers Hyderabad,Sunrisers Hyderabad,Sunrisers Hyderabad
980975,38,Kolkata Knight Riders,P Kumar,Gujarat Lions,Kolkata Knight Riders,Kolkata Knight Riders
980977,39,Royal Challengers Bangalore,SR Watson,Royal Challengers Bangalore,Royal Challengers Bangalore,Royal Challengers Bangalore
980979,40,Sunrisers Hyderabad,A Zampa,Sunrisers Hyderabad,Sunrisers Hyderabad,Sunrisers Hyderabad
980981,41,Royal Challengers Bangalore,KH Pandya,Mumbai Indians,Royal Challengers Bangalore,Royal Challengers Bangalore
980983,42,Sunrisers Hyderabad,CH Morris,Delhi Daredevils,Sunrisers Hyderabad,Sunrisers Hyderabad
980985,43,Mumbai Indians,MP Stoinis,Kings XI Punjab,Mumbai Indians,Mumbai Indians
980987,44,Royal Challengers Bangalore,AB de Villiers,Royal Challengers Bangalore,Royal Challengers Bangalore,Royal Challengers Bangalore
980989,45,Rising Pune Supergiants,YK Pathan,Kolkata Knight Riders,Rising Pune Supergiants,Rising Pune Supergiants
980991,46,Kings XI Punjab,HM Amla,Sunrisers Hyderabad,Kings XI Punjab,Kings XI Punjab
980993,47,Mumbai Indians,KH Pandya,Mumbai Indians,Mumbai Indians,Mumbai Indians
980995,48,Kolkata Knight Riders,V Kohli,Royal Challengers Bangalore,Kolkata Knight Riders,Kolkata Knight Riders
980997,49,Delhi Daredevils,AB Dinda,Rising Pune Supergiants,Delhi Daredevils,Delhi Daredevils
980999,50,Royal Challengers Bangalore,V Kohli,Royal Challengers Bangalore,Royal Challengers Bangalore,Royal Challengers Bangalore
981001,51,Kolkata Knight Riders,DR Smith,Gujarat Lions,Kolkata Knight Riders,Kolkata Knight Riders
981003,52,Sunrisers Hyderabad,KK Nair,Delhi Daredevils,Sunrisers Hyderabad,Sunrisers Hyderabad
981005,53,Kings XI Punjab,MS Dhoni,Rising Pune Supergiants,Kings XI Punjab,Kings XI Punjab
981007,54,Mumbai Indians,SK Raina,Gujarat Lions,Mumbai Indians,Mumbai Indians
981009,55,Kolkata Knight Riders,YK Pathan,Kolkata Knight Riders,Kolkata Knight Riders,Kolkata Knight Riders
981011,56,Delhi Daredevils,V Kohli,Royal Challengers Bangalore,Delhi Daredevils,Delhi Daredevils
981013,Unknown,Gujarat Lions,AB de Villiers,Royal Challengers Bangalore,Gujarat Lions,Gujarat Lions
981015,Unknown,Sunrisers Hyderabad,MC Henriques,Sunrisers Hyderabad,Sunrisers Hyderabad,Sunrisers Hyderabad
981017,Unknown,Gujarat Lions,DA Warner,Sunrisers Hyderabad,Gujarat Lions,Gujarat Lions
981019,Unknown,Sunrisers Hyderabad,BCJ Cutting,Sunrisers Hyderabad,Sunrisers Hyderabad,Sunrisers Hyderabad
1082591,1,Sunrisers Hyderabad,Yuvraj Singh,Sunrisers Hyderabad,Sunrisers Hyderabad,Sunrisers Hyderabad
1082592,2,Mumbai Indians,SPD Smith,Rising Pune Supergiant,Mumbai Indians,Mumbai Indians
1082593,3,Gujarat Lions,CA Lynn,Kolkata Knight Riders,Gujarat Lions,Gujarat Lions
1082594,4,Rising Pune Supergiant,GJ Maxwell,Kings XI Punjab,Rising Pune Supergiant,Rising Pune Supergiant
1082595,5,Royal Challengers Bangalore,KM Jadhav,Royal Challengers Bangalore,Royal Challengers Bangalore,Royal Challengers Bangalore
1082596,6,Gujarat Lions,Rashid Khan,Sunrisers Hyderabad,Gujarat Lions,Gujarat Lions
1082597,7,Kolkata Knight Riders,N Rana,Mumbai Indians,Kolkata Knight Riders,Kolkata Knight Riders
1082598,8,Royal Challengers Bangalore,AR Patel,Kings XI Punjab,Royal Challengers Bangalore,Royal Challengers Bangalore
1082599,9,Delhi Daredevils,SV Samson,Delhi Daredevils,Delhi Daredevils,Delhi Daredevils
1082600,10,Sunrisers Hyderabad,JJ Bumrah,Mumbai Indians,Sunrisers Hyderabad,Sunrisers Hyderabad
1082601,11,Kings XI Punjab,SP Narine,Kolkata Knight Riders,Kings XI Punjab,Kings XI Punjab
1082602,12,Royal Challengers Bangalore,KA Pollard,Mumbai Indians,Royal Challengers Bangalore,Royal Challengers Bangalore
1082603,13,Rising Pune Supergiant,AJ Tye,Gujarat Lions,Rising Pune Supergiant,Rising Pune Supergiant
1082604,14,Kolkata Knight Riders,RV Uthappa,Kolkata Knight Riders,Kolkata Knight Riders,Kolkata Knight Riders
1082605,15,Delhi Daredevils,CJ Anderson,Delhi Daredevils,Delhi Daredevils,Delhi Daredevils
1082606,16,Gujarat Lions,N Rana,Mumbai Indians,Gujarat Lions,Gujarat Lions
1082607,17,Rising Pune Supergiant,BA Stokes,Rising Pune Supergiant,Rising Pune Supergiant,Rising Pune Supergiant
1082608,18,Delhi Daredevils,NM Coulter-Nile,Kolkata Knight Riders,Delhi Daredevils,Delhi Daredevils
1082609,19,Sunrisers Hyderabad,B Kumar,Sunrisers Hyderabad,Sunrisers Hyderabad,Sunrisers Hyderabad
1082610,20,Royal Challengers Bangalore,CH Gayle,Royal Challengers Bangalore,Royal Challengers Bangalore,Royal Challengers Bangalore
1082611,21,Sunrisers Hyderabad,KS Williamson,Sunrisers Hyderabad,Sunrisers Hyderabad,Sunrisers Hyderabad
1082612,22,Kings XI Punjab,JC Buttler,Mumbai Indians,Kings XI Punjab,Kings XI Punjab
1082613,23,Kolkata Knight Riders,SK Raina,Gujarat Lions,Kolkata Knight Riders,Kolkata Knight Riders
1082614,25,Mumbai Indians,MJ McClenaghan,Mumbai Indians,Mumbai Indians,Mumbai Indians
1082615,24,Sunrisers Hyderabad,MS Dhoni,Rising Pune Supergiant,Sunrisers Hyderabad,Sunrisers Hyderabad
1082616,26,Kings XI Punjab,HM Amla,Kings XI Punjab,Kings XI Punjab,Kings XI Punjab
1082617,27,Kolkata Knight Riders,NM Coulter-Nile,Kolkata Knight Riders,Kolkata Knight Riders,Kolkata Knight Riders
1082618,28,Rising Pune Supergiant,BA Stokes,Rising Pune Supergiant,Rising Pune Supergiant,Rising Pune Supergiant
1082620,30,Rising Pune Supergiant,RV Uthappa,Kolkata Knight Riders,Rising Pune Supergiant,Rising Pune Supergiant
1082621,31,Royal Challengers Bangalore,AJ Tye,Gujarat Lions,Royal Challengers Bangalore,Royal Challengers Bangalore
1082622,32,Delhi Daredevils,G Gambhir,Kolkata Knight Riders,Delhi Daredevils,Delhi Daredevils
1082623,33,Sunrisers Hyderabad,Rashid Khan,Sunrisers Hyderabad,Sunrisers Hyderabad,Sunrisers Hyderabad
1082624,34,Rising Pune Supergiant,LH Ferguson,Rising Pune Supergiant,Rising Pune Supergiant,Rising Pune Supergiant
1082625,35,Gujarat Lions,KH Pandya,Unknown,Gujarat Lions,Gujarat Lions
1082626,36,Delhi Daredevils,Sandeep Sharma,Kings XI Punjab,Delhi Daredevils,Delhi Daredevils
1082627,37,Sunrisers Hyderabad,DA Warner,Sunrisers Hyderabad,Sunrisers Hyderabad,Sunrisers Hyderabad
1082628,38,Royal Challengers Bangalore,RG Sharma,Mumbai Indians,Royal Challengers Bangalore,Royal Challengers Bangalore
1082629,39,Gujarat Lions,BA Stokes,Rising Pune Supergiant,Gujarat Lions,Gujarat Lions
1082630,40,Sunrisers Hyderabad,Mohammed Shami,Delhi Daredevils,Sunrisers Hyderabad,Sunrisers Hyderabad
1082631,41,Kolkata Knight Riders,RA Tripathi,Rising Pune Supergiant,Kolkata Knight Riders,Kolkata Knight Riders
1082632,42,Gujarat Lions,RR Pant,Delhi Daredevils,Gujarat Lions,Gujarat Lions
1082633,43,Kings XI Punjab,Sandeep Sharma,Kings XI Punjab,Kings XI Punjab,Kings XI Punjab
1082634,44,Rising Pune Supergiant,JD Unadkat,Rising Pune Supergiant,Rising Pune Supergiant,Rising Pune Supergiant
1082635,45,Mumbai Indians,LMP Simmons,Mumbai Indians,Mumbai Indians,Mumbai Indians
1082636,46,Royal Challengers Bangalore,SP Narine,Kolkata Knight Riders,Royal Challengers Bangalore,Royal Challengers Bangalore
1082637,47,Kings XI Punjab,DR Smith,Gujarat Lions,Kings XI Punjab,Kings XI Punjab
1082638,48,Mumbai Indians,S Dhawan,Sunrisers Hyderabad,Mumbai Indians,Mumbai Indians
1082639,49,Kings XI Punjab,MM Sharma,Kings XI Punjab,Kings XI Punjab,Kings XI Punjab
1082640,50,Gujarat Lions,SS Iyer,Delhi Daredevils,Gujarat Lions,Gujarat Lions
1082641,51,Kings XI Punjab,WP Saha,Kings XI Punjab,Kings XI Punjab,Kings XI Punjab
1082642,52,Delhi Daredevils,KK Nair,Delhi Daredevils,Delhi Daredevils,Delhi Daredevils
1082643,53,Gujarat Lions,Mohammed Siraj,Sunrisers Hyderabad,Gujarat Lions,Gujarat Lions
1082644,54,Mumbai Indians,AT Rayudu,Mumbai Indians,Mumbai Indians,Mumbai Indians
1082645,55,Kings XI Punjab,JD Unadkat,Rising Pune Supergiant,Kings XI Punjab,Kings XI Punjab
1082646,56,Royal Challengers Bangalore,HV Patel,Royal Challengers Bangalore,Royal Challengers Bangalore,Royal Challengers Bangalore
1082647,Unknown,Rising Pune Supergiant,Washington Sundar,Rising Pune Supergiant,Rising Pune Supergiant,Rising Pune Supergiant
1082648,Unknown,Sunrisers Hyderabad,NM Coulter-Nile,Kolkata Knight Riders,Sunrisers Hyderabad,Sunrisers Hyderabad
1082649,Unknown,Kolkata Knight Riders,KV Sharma,Mumbai Indians,Kolkata Knight Riders,Kolkata Knight Riders
1082650,Unknown,Mumbai Indians,KH Pandya,Mumbai Indians,Mumbai Indians,Mumbai Indians
1136561,1,Mumbai Indians,DJ Bravo,Chennai Super Kings,Mumbai Indians,Mumbai Indians
1136562,2,Delhi Daredevils,KL Rahul,Kings XI Punjab,Delhi Daredevils,Delhi Daredevils
1136563,3,Royal Challengers Bangalore,SP Narine,Kolkata Knight Riders,Royal Challengers Bangalore,Royal Challengers Bangalore
1136564,4,Rajasthan Royals,S Dhawan,Sunrisers Hyderabad,Rajasthan Royals,Rajasthan Royals
1136565,5,Kolkata Knight Riders,SW Billings,Chennai Super Kings,Kolkata Knight Riders,Kolkata Knight Riders
1136566,6,Rajasthan Royals,SV Samson,Rajasthan Royals,Rajasthan Royals,Rajasthan Royals
1136567,7,Mumbai Indians,Rashid Khan,Sunrisers Hyderabad,Mumbai Indians,Mumbai Indians
1136568,8,Kings XI Punjab,UT Yadav,Royal Challengers Bangalore,Kings XI Punjab,Kings XI Punjab
1136569,9,Mumbai Indians,JJ Roy,Delhi Daredevils,Mumbai Indians,Mumbai Indians
1136570,10,Kolkata Knight Riders,B Stanlake,Sunrisers Hyderabad,Kolkata Knight Riders,Kolkata Knight Riders
1136571,11,Rajasthan Royals,SV Samson,Rajasthan Royals,Rajasthan Royals,Rajasthan Royals
1136572,12,Kings XI Punjab,CH Gayle,Kings XI Punjab,Kings XI Punjab,Kings XI Punjab
1136573,13,Kolkata Knight Riders,N Rana,Kolkata Knight Riders,Kolkata Knight Riders,Kolkata Knight Riders
1136574,14,Mumbai Indians,RG Sharma,Mumbai Indians,Mumbai Indians,Mumbai Indians
1136575,15,Rajasthan Royals,N Rana,Kolkata Knight Riders,Rajasthan Royals,Rajasthan Royals
1136576,16,Kings XI Punjab,CH Gayle,Kings XI Punjab,Kings XI Punjab,Kings XI Punjab
1136577,17,Chennai Super Kings,SR Watson,Chennai Super Kings,Chennai Super Kings,Chennai Super Kings
1136578,18,Kolkata Knight Riders,KL Rahul,Kings XI Punjab,Kolkata Knight Riders,Kolkata Knight Riders
1136579,19,Delhi Daredevils,AB de Villiers,Royal Challengers Bangalore,Delhi Daredevils,Delhi Daredevils
1136580,20,Chennai Super Kings,AT Rayudu,Chennai Super Kings,Chennai Super Kings,Chennai Super Kings
1136581,21,Mumbai Indians,JC Archer,Rajasthan Royals,Mumbai Indians,Mumbai Indians
1136582,22,Kings XI Punjab,AS Rajpoot,Kings XI Punjab,Kings XI Punjab,Kings XI Punjab
1136583,23,Sunrisers Hyderabad,Rashid Khan,Sunrisers Hyderabad,Sunrisers Hyderabad,Sunrisers Hyderabad
1136584,24,Royal Challengers Bangalore,MS Dhoni,Chennai Super Kings,Royal Challengers Bangalore,Royal Challengers Bangalore
1136585,25,Sunrisers Hyderabad,AS Rajpoot,Sunrisers Hyderabad,Sunrisers Hyderabad,Sunrisers Hyderabad
1136586,26,Delhi Daredevils,SS Iyer,Delhi Daredevils,Delhi Daredevils,Delhi Daredevils
1136587,27,Chennai Super Kings,RG Sharma,Mumbai Indians,Chennai Super Kings,Chennai Super Kings
1136588,28,Sunrisers Hyderabad,KS Williamson,Sunrisers Hyderabad,Sunrisers Hyderabad,Sunrisers Hyderabad
1136589,29,Royal Challengers Bangalore,CA Lynn,Kolkata Knight Riders,Royal Challengers Bangalore,Royal Challengers Bangalore
1136590,30,Chennai Super Kings,SR Watson,Chennai Super Kings,Chennai Super Kings,Chennai Super Kings
1136591,31,Royal Challengers Bangalore,TG Southee,Royal Challengers Bangalore,Royal Challengers Bangalore,Royal Challengers Bangalore
1136592,32,Delhi Daredevils,RR Pant,Delhi Daredevils,Delhi Daredevils,Delhi Daredevils
1136593,33,Chennai Super Kings,SP Narine,Kolkata Knight Riders,Chennai Super Kings,Chennai Super Kings
1136594,34,Kings XI Punjab,SA Yadav,Mumbai Indians,Kings XI Punjab,Kings XI Punjab
1136595,35,Royal Challengers Bangalore,RA Jadeja,Chennai Super Kings,Royal Challengers Bangalore,Royal Challengers Bangalore
1136596,36,Delhi Daredevils,Rashid Khan,Sunrisers Hyderabad,Delhi Daredevils,Delhi Daredevils
1136597,37,Mumbai Indians,HH Pandya,Mumbai Indians,Mumbai Indians,Mumbai Indians
1136598,38,Rajasthan Royals,Mujeeb Ur Rahman,Kings XI Punjab,Rajasthan Royals,Rajasthan Royals
1136599,39,Sunrisers Hyderabad,KS Williamson,Sunrisers Hyderabad,Sunrisers Hyderabad,Sunrisers Hyderabad
1136600,40,Rajasthan Royals,JC Buttler,Rajasthan Royals,Rajasthan Royals,Rajasthan Royals
1136601,41,Mumbai Indians,Ishan Kishan,Mumbai Indians,Mumbai Indians,Mumbai Indians
1136602,42,Delhi Daredevils,S Dhawan,Sunrisers Hyderabad,Delhi Daredevils,Delhi Daredevils
1136603,43,Chennai Super Kings,JC Buttler,Rajasthan Royals,Chennai Super Kings,Chennai Super Kings
1136604,44,Kolkata Knight Riders,SP Narine,Kolkata Knight Riders,Kolkata Knight Riders,Kolkata Knight Riders
1136605,45,Delhi Daredevils,AB de Villiers,Royal Challengers Bangalore,Delhi Daredevils,Delhi Daredevils
1136606,46,Sunrisers Hyderabad,AT Rayudu,Chennai Super Kings,Sunrisers Hyderabad,Sunrisers Hyderabad
1136607,47,Mumbai Indians,JC Buttler,Rajasthan Royals,Mumbai Indians,Mumbai Indians
1136608,48,Kings XI Punjab,UT Yadav,Royal Challengers Bangalore,Kings XI Punjab,Kings XI Punjab
1136609,49,Rajasthan Royals,Kuldeep Yadav,Kolkata Knight Riders,Rajasthan Royals,Rajasthan Royals
1136610,50,Mumbai Indians,JJ Bumrah,Mumbai Indians,Mumbai Indians,Mumbai Indians
1136611,51,Royal Challengers Bangalore,AB de Villiers,Royal Challengers Bangalore,Royal Challengers Bangalore,Royal Challengers Bangalore
1136612,52,Delhi Daredevils,HV Patel,Delhi Daredevils,Delhi Daredevils,Delhi Daredevils
1136613,53,Rajasthan Royals,S Gopal,Rajasthan Royals,Rajasthan Royals,Rajasthan Royals
1136614,54,Sunrisers Hyderabad,CA Lynn,Kolkata Knight Riders,Sunrisers Hyderabad,Sunrisers Hyderabad
1136615,55,Delhi Daredevils,A Mishra,Delhi Daredevils,Delhi Daredevils,Delhi Daredevils
1136616,56,Kings XI Punjab,L Ngidi,Chennai Super Kings,Kings XI Punjab,Kings XI Punjab
1136617,Unknown,Sunrisers Hyderabad,F du Plessis,Chennai Super Kings,Sunrisers Hyderabad,Sunrisers Hyderabad
1136618,Unknown,Kolkata Knight Riders,AD Russell,Kolkata Knight Riders,Kolkata Knight Riders,Kolkata Knight Riders
1136619,Unknown,Sunrisers Hyderabad,Rashid Khan,Sunrisers Hyderabad,Sunrisers Hyderabad,Sunrisers Hyderabad
1136620,Unknown,Sunrisers Hyderabad,SR Watson,Chennai Super Kings,Sunrisers Hyderabad,Sunrisers Hyderabad
1175356,1,Royal Challengers Bangalore,Harbhajan Singh,Chennai Super Kings,Royal Challengers Bangalore,Royal Challengers Bangalore
1175357,2,Sunrisers Hyderabad,AD Russell,Kolkata Knight Riders,Sunrisers Hyderabad,Sunrisers Hyderabad
1175358,3,Delhi Capitals,RR Pant,Delhi Capitals,Delhi Capitals,Delhi Capitals
1175359,4,Kings XI Punjab,CH Gayle,Kings XI Punjab,Kings XI Punjab,Kings XI Punjab
1175360,5,Delhi Capitals,SR Watson,Chennai Super Kings,Delhi Capitals,Delhi Capitals
1175361,6,Kolkata Knight Riders,AD Russell,Kolkata Knight Riders,Kolkata Knight Riders,Kolkata Knight Riders
1175362,7,Mumbai Indians,JJ Bumrah,Mumbai Indians,Mumbai Indians,Mumbai Indians
1175363,8,Rajasthan Royals,Rashid Khan,Sunrisers Hyderabad,Rajasthan Royals,Rajasthan Royals
1175364,9,Mumbai Indians,MA Agarwal,Kings XI Punjab,Mumbai Indians,Mumbai Indians
1175365,10,Kolkata Knight Riders,PP Shaw,Unknown,Kolkata Knight Riders,Kolkata Knight Riders
1175366,11,Sunrisers Hyderabad,JM Bairstow,Sunrisers Hyderabad,Sunrisers Hyderabad,Sunrisers Hyderabad
1175367,12,Chennai Super Kings,MS Dhoni,Chennai Super Kings,Chennai Super Kings,Chennai Super Kings
1175368,13,Kings XI Punjab,SM Curran,Kings XI Punjab,Kings XI Punjab,Kings XI Punjab
1175369,14,Royal Challengers Bangalore,S Gopal,Rajasthan Royals,Royal Challengers Bangalore,Royal Challengers Bangalore
1175370,15,Mumbai Indians,HH Pandya,Mumbai Indians,Mumbai Indians,Mumbai Indians
1175371,16,Delhi Capitals,JM Bairstow,Sunrisers Hyderabad,Delhi Capitals,Delhi Capitals
1175372,17,Royal Challengers Bangalore,AD Russell,Kolkata Knight Riders,Royal Challengers Bangalore,Royal Challengers Bangalore
1178393,18,Chennai Super Kings,Harbhajan Singh,Chennai Super Kings,Chennai Super Kings,Chennai Super Kings
1178394,19,Mumbai Indians,AS Joseph,Mumbai Indians,Mumbai Indians,Mumbai Indians
1178395,20,Royal Challengers Bangalore,K Rabada,Delhi Capitals,Royal Challengers Bangalore,Royal Challengers Bangalore
1178396,21,Rajasthan Royals,HF Gurney,Kolkata Knight Riders,Rajasthan Royals,Rajasthan Royals
1178397,22,Sunrisers Hyderabad,KL Rahul,Kings XI Punjab,Sunrisers Hyderabad,Sunrisers Hyderabad
1178398,23,Kolkata Knight Riders,DL Chahar,Chennai Super Kings,Kolkata Knight Riders,Kolkata Knight Riders
1178399,24,Kings XI Punjab,KA Pollard,Mumbai Indians,Kings XI Punjab,Kings XI Punjab
1178400,25,Rajasthan Royals,MS Dhoni,Chennai Super Kings,Rajasthan Royals,Rajasthan Royals
1178401,26,Kolkata Knight Riders,S Dhawan,Delhi Capitals,Kolkata Knight Riders,Kolkata Knight Riders
1178402,27,Mumbai Indians,JC Buttler,Rajasthan Royals,Mumbai Indians,Mumbai Indians
1178403,28,Kings XI Punjab,AB de Villiers,Royal Challengers Bangalore,Kings XI Punjab,Kings XI Punjab
1178404,29,Kolkata Knight Riders,Imran Tahir,Chennai Super Kings,Kolkata Knight Riders,Kolkata Knight Riders
1178405,30,Delhi Capitals,KMA Paul,Delhi Capitals,Delhi Capitals,Delhi Capitals
1178406,31,Royal Challengers Bangalore,SL Malinga,Mumbai Indians,Royal Challengers Bangalore,Royal Challengers Bangalore
1178407,32,Kings XI Punjab,R Ashwin,Kings XI Punjab,Kings XI Punjab,Kings XI Punjab
1178408,33,Chennai Super Kings,DA Warner,Sunrisers Hyderabad,Chennai Super Kings,Chennai Super Kings
1178409,34,Mumbai Indians,HH Pandya,Mumbai Indians,Mumbai Indians,Mumbai Indians
1178410,35,Royal Challengers Bangalore,V Kohli,Royal Challengers Bangalore,Royal Challengers Bangalore,Royal Challengers Bangalore
1178411,36,Mumbai Indians,SPD Smith,Rajasthan Royals,Mumbai Indians,Mumbai Indians
1178412,37,Kings XI Punjab,SS Iyer,Delhi Capitals,Kings XI Punjab,Kings XI Punjab
1178413,38,Kolkata Knight Riders,KK Ahmed,Sunrisers Hyderabad,Kolkata Knight Riders,Kolkata Knight Riders
1178414,39,Royal Challengers Bangalore,PA Patel,Royal Challengers Bangalore,Royal Challengers Bangalore,Royal Challengers Bangalore
1178415,40,Rajasthan Royals,RR Pant,Delhi Capitals,Rajasthan Royals,Rajasthan Royals
1178416,41,Sunrisers Hyderabad,SR Watson,Chennai Super Kings,Sunrisers Hyderabad,Sunrisers Hyderabad
1178417,42,Royal Challengers Bangalore,AB de Villiers,Royal Challengers Bangalore,Royal Challengers Bangalore,Royal Challengers Bangalore
1178418,43,Kolkata Knight Riders,VR Aaron,Rajasthan Royals,Kolkata Knight Riders,Kolkata Knight Riders
1178419,44,Mumbai Indians,RG Sharma,Mumbai Indians,Mumbai Indians,Mumbai Indians
1178420,45,Sunrisers Hyderabad,JD Unadkat,Rajasthan Royals,Sunrisers Hyderabad,Sunrisers Hyderabad
1178421,46,Delhi Capitals,S Dhawan,Delhi Capitals,Delhi Capitals,Delhi Capitals
1178422,47,Kolkata Knight Riders,AD Russell,Kolkata Knight Riders,Kolkata Knight Riders,Kolkata Knight Riders
1178423,48,Sunrisers Hyderabad,DA Warner,Sunrisers Hyderabad,Sunrisers Hyderabad,Sunrisers Hyderabad
1178424,49,Royal Challengers Bangalore,Unknown,Unknown,Royal Challengers Bangalore,Royal Challengers Bangalore
1178425,50,Chennai Super Kings,MS Dhoni,Chennai Super Kings,Chennai Super Kings,Chennai Super Kings
1178426,51,Mumbai Indians,JJ Bumrah,Unknown,Mumbai Indians,Mumbai Indians
1178427,52,Kings XI Punjab,Shubman Gill,Kolkata Knight Riders,Kings XI Punjab,Kings XI Punjab
1178428,53,Rajasthan Royals,A Mishra,Delhi Capitals,Rajasthan Royals,Rajasthan Royals
1178429,54,Sunrisers Hyderabad,SO Hetmyer,Royal Challengers Bangalore,Sunrisers Hyderabad,Sunrisers Hyderabad
1178430,55,Chennai Super Kings,KL Rahul,Kings XI Punjab,Chennai Super Kings,Chennai Super Kings
1178431,56,Kolkata Knight Riders,HH Pandya,Mumbai Indians,Kolkata Knight Riders,Kolkata Knight Riders
1181764,Unknown,Chennai Super Kings,SA Yadav,Mumbai Indians,Chennai Super Kings,Chennai Super Kings
1181766,Unknown,Sunrisers Hyderabad,RR Pant,Delhi Capitals,Sunrisers Hyderabad,Sunrisers Hyderabad
1181767,Unknown,Delhi Capitals,F du Plessis,Chennai Super Kings,Delhi Capitals,Delhi Capitals
1181768,Unknown,Mumbai Indians,JJ Bumrah,Mumbai Indians,Mumbai Indians,Mumbai Indians
1216492,1,Mumbai Indians,AT Rayudu,Chennai Super Kings,Mumbai Indians,Mumbai Indians
1216493,2,Delhi Capitals,MP Stoinis,Unknown,Delhi Capitals,Delhi Capitals
1216534,3,Royal Challengers Bangalore,YS Chahal,Royal Challengers Bangalore,Royal Challengers Bangalore,Royal Challengers Bangalore
1216496,4,Rajasthan Royals,SV Samson,Rajasthan Royals,Rajasthan Royals,Rajasthan Royals
1216508,5,Mumbai Indians,RG Sharma,Mumbai Indians,Mumbai Indians,Mumbai Indians
1216510,6,Kings XI Punjab,KL Rahul,Kings XI Punjab,Kings XI Punjab,Kings XI Punjab
1216539,7,Delhi Capitals,PP Shaw,Delhi Capitals,Delhi Capitals,Delhi Capitals
1216545,8,Sunrisers Hyderabad,Shubman Gill,Kolkata Knight Riders,Sunrisers Hyderabad,Sunrisers Hyderabad
1216527,9,Kings XI Punjab,SV Samson,Rajasthan Royals,Kings XI Punjab,Kings XI Punjab
1216547,10,Royal Challengers Bangalore,AB de Villiers,Unknown,Royal Challengers Bangalore,Royal Challengers Bangalore
1216532,11,Sunrisers Hyderabad,Rashid Khan,Sunrisers Hyderabad,Sunrisers Hyderabad,Sunrisers Hyderabad
1216504,12,Kolkata Knight Riders,Shivam Mavi,Kolkata Knight Riders,Kolkata Knight Riders,Kolkata Knight Riders
1216503,13,Mumbai Indians,KA Pollard,Mumbai Indians,Mumbai Indians,Mumbai Indians
1216516,14,Sunrisers Hyderabad,PK Garg,Sunrisers Hyderabad,Sunrisers Hyderabad,Sunrisers Hyderabad
1216514,15,Rajasthan Royals,YS Chahal,Royal Challengers Bangalore,Rajasthan Royals,Rajasthan Royals
1216515,16,Delhi Capitals,SS Iyer,Delhi Capitals,Delhi Capitals,Delhi Capitals
1216513,18,Kings XI Punjab,SR Watson,Chennai Super Kings,Kings XI Punjab,Kings XI Punjab
1216538,17,Mumbai Indians,TA Boult,Mumbai Indians,Mumbai Indians,Mumbai Indians
1216519,19,Delhi Capitals,AR Patel,Delhi Capitals,Delhi Capitals,Delhi Capitals
1216511,20,Mumbai Indians,SA Yadav,Mumbai Indians,Mumbai Indians,Mumbai Indians
1216501,21,Kolkata Knight Riders,RA Tripathi,Kolkata Knight Riders,Kolkata Knight Riders,Kolkata Knight Riders
1216542,22,Sunrisers Hyderabad,JM Bairstow,Sunrisers Hyderabad,Sunrisers Hyderabad,Sunrisers Hyderabad
1216500,23,Delhi Capitals,R Ashwin,Delhi Capitals,Delhi Capitals,Delhi Capitals
1216523,24,Kolkata Knight Riders,KD Karthik,Kolkata Knight Riders,Kolkata Knight Riders,Kolkata Knight Riders
1216525,25,Royal Challengers Bangalore,V Kohli,Royal Challengers Bangalore,Royal Challengers Bangalore,Royal Challengers Bangalore
1216507,26,Sunrisers Hyderabad,R Tewatia,Rajasthan Royals,Sunrisers Hyderabad,Sunrisers Hyderabad
1216529,27,Delhi Capitals,Q de Kock,Mumbai Indians,Delhi Capitals,Delhi Capitals
1216540,28,Royal Challengers Bangalore,AB de Villiers,Royal Challengers Bangalore,Royal Challengers Bangalore,Royal Challengers Bangalore
1216528,29,Chennai Super Kings,RA Jadeja,Chennai Super Kings,Chennai Super Kings,Chennai Super Kings
1216543,30,Delhi Capitals,A Nortje,Delhi Capitals,Delhi Capitals,Delhi Capitals
1216531,31,Royal Challengers Bangalore,KL Rahul,Kings XI Punjab,Royal Challengers Bangalore,Royal Challengers Bangalore
1216526,32,Kolkata Knight Riders,Q de Kock,Mumbai Indians,Kolkata Knight Riders,Kolkata Knight Riders
1216509,34,Chennai Super Kings,S Dhawan,Delhi Capitals,Chennai Super Kings,Chennai Super Kings
1216522,33,Rajasthan Royals,AB de Villiers,Royal Challengers Bangalore,Rajasthan Royals,Rajasthan Royals
1216512,35,Kolkata Knight Riders,LH Ferguson,Unknown,Kolkata Knight Riders,Kolkata Knight Riders
1216517,36,Mumbai Indians,KL Rahul,Unknown,Mumbai Indians,Mumbai Indians
1216533,37,Chennai Super Kings,JC Buttler,Rajasthan Royals,Chennai Super Kings,Chennai Super Kings
1216546,38,Delhi Capitals,S Dhawan,Kings XI Punjab,Delhi Capitals,Delhi Capitals
1216494,39,Kolkata Knight Riders,Mohammed Siraj,Royal Challengers Bangalore,Kolkata Knight Riders,Kolkata Knight Riders
1216518,40,Rajasthan Royals,MK Pandey,Sunrisers Hyderabad,Rajasthan Royals,Rajasthan Royals
1216521,41,Chennai Super Kings,TA Boult,Mumbai Indians,Chennai Super Kings,Chennai Super Kings
1216497,42,Kolkata Knight Riders,CV Varun,Kolkata Knight Riders,Kolkata Knight Riders,Kolkata Knight Riders
1216498,43,Kings XI Punjab,CJ Jordan,Kings XI Punjab,Kings XI Punjab,Kings XI Punjab
1216541,45,Mumbai Indians,BA Stokes,Rajasthan Royals,Mumbai Indians,Mumbai Indians
1216544,44,Royal Challengers Bangalore,RD Gaikwad,Chennai Super Kings,Royal Challengers Bangalore,Royal Challengers Bangalore
1216520,46,Kolkata Knight Riders,CH Gayle,Kings XI Punjab,Kolkata Knight Riders,Kolkata Knight Riders
1216524,47,Sunrisers Hyderabad,WP Saha,Sunrisers Hyderabad,Sunrisers Hyderabad,Sunrisers Hyderabad
1216499,48,Royal Challengers Bangalore,SA Yadav,Mumbai Indians,Royal Challengers Bangalore,Royal Challengers Bangalore
1216536,49,Kolkata Knight Riders,RD Gaikwad,Chennai Super Kings,Kolkata Knight Riders,Kolkata Knight Riders
1216537,50,Kings XI Punjab,BA Stokes,Rajasthan Royals,Kings XI Punjab,Kings XI Punjab
1216502,52,Royal Challengers Bangalore,Sandeep Sharma,Sunrisers Hyderabad,Royal Challengers Bangalore,Royal Challengers Bangalore
1216535,51,Delhi Capitals,Ishan Kishan,Mumbai Indians,Delhi Capitals,Delhi Capitals
1216506,53,Kings XI Punjab,RD Gaikwad,Chennai Super Kings,Kings XI Punjab,Kings XI Punjab
1216530,54,Kolkata Knight Riders,PJ Cummins,Kolkata Knight Riders,Kolkata Knight Riders,Kolkata Knight Riders
1216505,55,Royal Challengers Bangalore,A Nortje,Delhi Capitals,Royal Challengers Bangalore,Royal Challengers Bangalore
1216495,56,Mumbai Indians,S Nadeem,Sunrisers Hyderabad,Mumbai Indians,Mumbai Indians
1237177,Unknown,Mumbai Indians,JJ Bumrah,Mumbai Indians,Mumbai Indians,Mumbai Indians
1237178,Unknown,Royal Challengers Bangalore,KS Williamson,Sunrisers Hyderabad,Royal Challengers Bangalore,Royal Challengers Bangalore
1237180,Unknown,Delhi Capitals,MP Stoinis,Delhi Capitals,Delhi Capitals,Delhi Capitals
1237181,Unknown,Delhi Capitals,TA Boult,Mumbai Indians,Delhi Capitals,Delhi Capitals
1254058,1,Mumbai Indians,HV Patel,Royal Challengers Bangalore,Mumbai Indians,Mumbai Indians
1254059,2,Chennai Super Kings,S Dhawan,Delhi Capitals,Chennai Super Kings,Chennai Super Kings
1254060,3,Kolkata Knight Riders,N Rana,Kolkata Knight Riders,Kolkata Knight Riders,Kolkata Knight Riders
1254061,4,Punjab Kings,SV Samson,Punjab Kings,Punjab Kings,Punjab Kings
1254062,5,Mumbai Indians,RD Chahar,Mumbai Indians,Mumbai Indians,Mumbai Indians
1254063,6,Royal Challengers Bangalore,GJ Maxwell,Royal Challengers Bangalore,Royal Challengers Bangalore,Royal Challengers Bangalore
1254064,7,Delhi Capitals,JD Unadkat,Rajasthan Royals,Delhi Capitals,Delhi Capitals
1254065,8,Punjab Kings,DL Chahar,Chennai Super Kings,Punjab Kings,Punjab Kings
1254066,9,Mumbai Indians,KA Pollard,Mumbai Indians,Mumbai Indians,Mumbai Indians
1254067,10,Royal Challengers Bangalore,AB de Villiers,Royal Challengers Bangalore,Royal Challengers Bangalore,Royal Challengers Bangalore
1254068,11,Punjab Kings,S Dhawan,Delhi Capitals,Punjab Kings,Punjab Kings
1254069,12,Chennai Super Kings,MM Ali,Chennai Super Kings,Chennai Super Kings,Chennai Super Kings
1254070,13,Mumbai Indians,A Mishra,Delhi Capitals,Mumbai Indians,Mumbai Indians
1254071,14,Punjab Kings,JM Bairstow,Sunrisers Hyderabad,Punjab Kings,Punjab Kings
1254072,15,Chennai Super Kings,F du Plessis,Chennai Super Kings,Chennai Super Kings,Chennai Super Kings
1254073,16,Rajasthan Royals,D Padikkal,Royal Challengers Bangalore,Rajasthan Royals,Rajasthan Royals
1254074,17,Mumbai Indians,KL Rahul,Punjab Kings,Mumbai Indians,Mumbai Indians
1254075,18,Kolkata Knight Riders,CH Morris,Rajasthan Royals,Kolkata Knight Riders,Kolkata Knight Riders
1254076,19,Chennai Super Kings,RA Jadeja,Chennai Super Kings,Chennai Super Kings,Chennai Super Kings
1254077,20,Delhi Capitals,PP Shaw,Unknown,Delhi Capitals,Delhi Capitals
1254078,21,Punjab Kings,EJG Morgan,Kolkata Knight Riders,Punjab Kings,Punjab Kings
1254079,22,Royal Challengers Bangalore,AB de Villiers,Royal Challengers Bangalore,Royal Challengers Bangalore,Royal Challengers Bangalore
1254080,23,Sunrisers Hyderabad,RD Gaikwad,Chennai Super Kings,Sunrisers Hyderabad,Sunrisers Hyderabad
1254081,24,Rajasthan Royals,Q de Kock,Mumbai Indians,Rajasthan Royals,Rajasthan Royals
1254082,25,Kolkata Knight Riders,PP Shaw,Delhi Capitals,Kolkata Knight Riders,Kolkata Knight Riders
1254083,26,Punjab Kings,Harpreet Brar,Punjab Kings,Punjab Kings,Punjab Kings
1254084,27,Chennai Super Kings,KA Pollard,Mumbai Indians,Chennai Super Kings,Chennai Super Kings
1254085,28,Rajasthan Royals,JC Buttler,Rajasthan Royals,Rajasthan Royals,Rajasthan Royals
1254086,29,Punjab Kings,MA Agarwal,Delhi Capitals,Punjab Kings,Punjab Kings
1254104,30,Chennai Super Kings,RD Gaikwad,Chennai Super Kings,Chennai Super Kings,Chennai Super Kings
1254087,31,Royal Challengers Bangalore,CV Varun,Kolkata Knight Riders,Royal Challengers Bangalore,Royal Challengers Bangalore
1254111,32,Rajasthan Royals,Kartik Tyagi,Rajasthan Royals,Rajasthan Royals,Rajasthan Royals
1254105,33,Sunrisers Hyderabad,A Nortje,Delhi Capitals,Sunrisers Hyderabad,Sunrisers Hyderabad
1254096,34,Mumbai Indians,SP Narine,Kolkata Knight Riders,Mumbai Indians,Mumbai Indians
1254113,35,Royal Challengers Bangalore,DJ Bravo,Chennai Super Kings,Royal Challengers Bangalore,Royal Challengers Bangalore
1254097,36,Delhi Capitals,SS Iyer,Delhi Capitals,Delhi Capitals,Delhi Capitals
1254107,37,Punjab Kings,JO Holder,Punjab Kings,Punjab Kings,Punjab Kings
1254098,38,Kolkata Knight Riders,RA Jadeja,Chennai Super Kings,Kolkata Knight Riders,Kolkata Knight Riders
1254108,39,Royal Challengers Bangalore,GJ Maxwell,Royal Challengers Bangalore,Royal Challengers Bangalore,Royal Challengers Bangalore
1254100,40,Rajasthan Royals,JJ Roy,Sunrisers Hyderabad,Rajasthan Royals,Rajasthan Royals
1254092,41,Delhi Capitals,SP Narine,Kolkata Knight Riders,Delhi Capitals,Delhi Capitals
1254099,42,Punjab Kings,KA Pollard,Mumbai Indians,Punjab Kings,Punjab Kings
1254103,43,Rajasthan Royals,YS Chahal,Royal Challengers Bangalore,Rajasthan Royals,Rajasthan Royals
1254091,44,Sunrisers Hyderabad,JR Hazlewood,Chennai Super Kings,Sunrisers Hyderabad,Sunrisers Hyderabad
1254102,45,Kolkata Knight Riders,KL Rahul,Punjab Kings,Kolkata Knight Riders,Kolkata Knight Riders
1254089,47,Chennai Super Kings,RD Gaikwad,Rajasthan Royals,Chennai Super Kings,Chennai Super Kings
1254112,46,Mumbai Indians,AR Patel,Delhi Capitals,Mumbai Indians,Mumbai Indians
1254090,48,Royal Challengers Bangalore,GJ Maxwell,Royal Challengers Bangalore,Royal Challengers Bangalore,Royal Challengers Bangalore
1254109,49,Sunrisers Hyderabad,Shubman Gill,Kolkata Knight Riders,Sunrisers Hyderabad,Sunrisers Hyderabad
1254110,50,Chennai Super Kings,AR Patel,Delhi Capitals,Chennai Super Kings,Chennai Super Kings
1254093,51,Rajasthan Royals,NM Coulter-Nile,Mumbai Indians,Rajasthan Royals,Rajasthan Royals
1254095,52,Sunrisers Hyderabad,KS Williamson,Sunrisers Hyderabad,Sunrisers Hyderabad,Sunrisers Hyderabad
1254094,53,Chennai Super Kings,KL Rahul,Punjab Kings,Chennai Super Kings,Chennai Super Kings
1254106,54,Kolkata Knight Riders,Shivam Mavi,Kolkata Knight Riders,Kolkata Knight Riders,Kolkata Knight Riders
1254088,55,Mumbai Indians,Ishan Kishan,Mumbai Indians,Mumbai Indians,Mumbai Indians
1254101,56,Delhi Capitals,KS Bharat,Royal Challengers Bangalore,Delhi Capitals,Delhi Capitals
1254114,Unknown,Delhi Capitals,RD Gaikwad,Chennai Super Kings,Delhi Capitals,Delhi Capitals
1254115,Unknown,Royal Challengers Bangalore,SP Narine,Kolkata Knight Riders,Royal Challengers Bangalore,Royal Challengers Bangalore
1254116,Unknown,Delhi Capitals,VR Iyer,Kolkata Knight Riders,Delhi Capitals,Delhi Capitals
1254117,Unknown,Chennai Super Kings,F du Plessis,Chennai Super Kings,Chennai Super Kings,Chennai Super Kings
1304047,1,Chennai Super Kings,UT Yadav,Kolkata Knight Riders,Chennai Super Kings,Chennai Super Kings
1304048,2,Mumbai Indians,Kuldeep Yadav,Delhi Capitals,Mumbai Indians,Mumbai Indians
1304049,3,Royal Challengers Bangalore,OF Smith,Punjab Kings,Royal Challengers Bangalore,Royal Challengers Bangalore
1304050,4,Lucknow Super Giants,Mohammed Shami,Gujarat Titans,Lucknow Super Giants,Lucknow Super Giants
1304051,5,Rajasthan Royals,SV Samson,Rajasthan Royals,Rajasthan Royals,Rajasthan Royals
1304052,6,Kolkata Knight Riders,PWH de Silva,Royal Challengers Bangalore,Kolkata Knight Riders,Kolkata Knight Riders
1304053,7,Chennai Super Kings,E Lewis,Lucknow Super Giants,Chennai Super Kings,Chennai Super Kings
1304054,8,Punjab Kings,UT Yadav,Kolkata Knight Riders,Punjab Kings,Punjab Kings
1304055,9,Rajasthan Royals,JC Buttler,Rajasthan Royals,Rajasthan Royals,Rajasthan Royals
1304056,10,Gujarat Titans,LH Ferguson,Gujarat Titans,Gujarat Titans,Gujarat Titans
1304057,11,Punjab Kings,LS Livingstone,Punjab Kings,Punjab Kings,Punjab Kings
1304058,12,Lucknow Super Giants,Avesh Khan,Lucknow Super Giants,Lucknow Super Giants,Lucknow Super Giants
1304059,13,Rajasthan Royals,KD Karthik,Royal Challengers Bangalore,Rajasthan Royals,Rajasthan Royals
1304060,14,Mumbai Indians,PJ Cummins,Kolkata Knight Riders,Mumbai Indians,Mumbai Indians
1304061,15,Delhi Capitals,Q de Kock,Lucknow Super Giants,Delhi Capitals,Delhi Capitals
1304062,16,Punjab Kings,Shubman Gill,Gujarat Titans,Punjab Kings,Punjab Kings
1304063,17,Chennai Super Kings,Abhishek Sharma,Sunrisers Hyderabad,Chennai Super Kings,Chennai Super Kings
1304064,18,Mumbai Indians,Anuj Rawat,Royal Challengers Bangalore,Mumbai Indians,Mumbai Indians
1304065,19,Delhi Capitals,Kuldeep Yadav,Delhi Capitals,Delhi Capitals,Delhi Capitals
1304066,20,Rajasthan Royals,YS Chahal,Rajasthan Royals,Rajasthan Royals,Rajasthan Royals
1304067,21,Gujarat Titans,KS Williamson,Sunrisers Hyderabad,Gujarat Titans,Gujarat Titans
1304068,22,Chennai Super Kings,S Dube,Chennai Super Kings,Chennai Super Kings,Chennai Super Kings
1304069,23,Punjab Kings,MA Agarwal,Punjab Kings,Punjab Kings,Punjab Kings
1304070,24,Gujarat Titans,HH Pandya,Gujarat Titans,Gujarat Titans,Gujarat Titans
1304071,25,Kolkata Knight Riders,RA Tripathi,Sunrisers Hyderabad,Kolkata Knight Riders,Kolkata Knight Riders
1304072,26,Lucknow Super Giants,KL Rahul,Lucknow Super Giants,Lucknow Super Giants,Lucknow Super Giants
1304073,27,Royal Challengers Bangalore,KD Karthik,Royal Challengers Bangalore,Royal Challengers Bangalore,Royal Challengers Bangalore
1304074,28,Punjab Kings,Umran Malik,Sunrisers Hyderabad,Punjab Kings,Punjab Kings
1304075,29,Chennai Super Kings,DA Miller,Gujarat Titans,Chennai Super Kings,Chennai Super Kings
1304076,30,Rajasthan Royals,YS Chahal,Rajasthan Royals,Rajasthan Royals,Rajasthan Royals
1304077,31,Royal Challengers Bangalore,F du Plessis,Royal Challengers Bangalore,Royal Challengers Bangalore,Royal Challengers Bangalore
1304078,32,Punjab Kings,Kuldeep Yadav,Delhi Capitals,Punjab Kings,Punjab Kings
1304079,33,Mumbai Indians,Mukesh Choudhary,Chennai Super Kings,Mumbai Indians,Mumbai Indians
1304080,34,Rajasthan Royals,JC Buttler,Rajasthan Royals,Rajasthan Royals,Rajasthan Royals
1304081,35,Gujarat Titans,Rashid Khan,Gujarat Titans,Gujarat Titans,Gujarat Titans
1304082,36,Royal Challengers Bangalore,M Jansen,Sunrisers Hyderabad,Royal Challengers Bangalore,Royal Challengers Bangalore
1304083,37,Lucknow Super Giants,KL Rahul,Lucknow Super Giants,Lucknow Super Giants,Lucknow Super Giants
1304084,38,Punjab Kings,S Dhawan,Punjab Kings,Punjab Kings,Punjab Kings
1304085,39,Rajasthan Royals,R Parag,Rajasthan Royals,Rajasthan Royals,Rajasthan Royals
1304086,40,Sunrisers Hyderabad,Umran Malik,Gujarat Titans,Sunrisers Hyderabad,Sunrisers Hyderabad
1304087,41,Kolkata Knight Riders,Kuldeep Yadav,Delhi Capitals,Kolkata Knight Riders,Kolkata Knight Riders
1304088,42,Lucknow Super Giants,KH Pandya,Lucknow Super Giants,Lucknow Super Giants,Lucknow Super Giants
1304089,43,Royal Challengers Bangalore,R Tewatia,Gujarat Titans,Royal Challengers Bangalore,Royal Challengers Bangalore
1304090,44,Rajasthan Royals,SA Yadav,Mumbai Indians,Rajasthan Royals,Rajasthan Royals
1304091,45,Lucknow Super Giants,Mohsin Khan,Lucknow Super Giants,Lucknow Super Giants,Lucknow Super Giants
1304092,46,Chennai Super Kings,RD Gaikwad,Chennai Super Kings,Chennai Super Kings,Chennai Super Kings
1304093,47,Rajasthan Royals,RK Singh,Kolkata Knight Riders,Rajasthan Royals,Rajasthan Royals
1304094,48,Gujarat Titans,K Rabada,Punjab Kings,Gujarat Titans,Gujarat Titans
1304095,49,Royal Challengers Bangalore,HV Patel,Royal Challengers Bangalore,Royal Challengers Bangalore,Royal Challengers Bangalore
1304096,50,Delhi Capitals,DA Warner,Delhi Capitals,Delhi Capitals,Delhi Capitals
1304097,51,Mumbai Indians,TH David,Mumbai Indians,Mumbai Indians,Mumbai Indians
1304098,52,Punjab Kings,YBK Jaiswal,Rajasthan Royals,Punjab Kings,Punjab Kings
1304099,53,Lucknow Super Giants,Avesh Khan,Lucknow Super Giants,Lucknow Super Giants,Lucknow Super Giants
1304100,54,Royal Challengers Bangalore,PWH de Silva,Royal Challengers Bangalore,Royal Challengers Bangalore,Royal Challengers Bangalore
1304101,55,Chennai Super Kings,DP Conway,Chennai Super Kings,Chennai Super Kings,Chennai Super Kings
1304102,56,Kolkata Knight Riders,JJ Bumrah,Kolkata Knight Riders,Kolkata Knight Riders,Kolkata Knight Riders
1304103,57,Gujarat Titans,Shubman Gill,Gujarat Titans,Gujarat Titans,Gujarat Titans
1304104,58,Rajasthan Royals,MR Marsh,Delhi Capitals,Rajasthan Royals,Rajasthan Royals
1304105,59,Chennai Super Kings,DR Sams,Mumbai Indians,Chennai Super Kings,Chennai Super Kings
1304106,60,Punjab Kings,JM Bairstow,Punjab Kings,Punjab Kings,Punjab Kings
1304107,61,Kolkata Knight Riders,AD Russell,Kolkata Knight Riders,Kolkata Knight Riders,Kolkata Knight Riders
1304108,62,Chennai Super Kings,WP Saha,Gujarat Titans,Chennai Super Kings,Chennai Super Kings
1304109,63,Rajasthan Royals,TA Boult,Rajasthan Royals,Rajasthan Royals,Rajasthan Royals
1304110,64,Delhi Capitals,SN Thakur,Delhi Capitals,Delhi Capitals,Delhi Capitals
1304111,65,Sunrisers Hyderabad,RA Tripathi,Sunrisers Hyderabad,Sunrisers Hyderabad,Sunrisers Hyderabad
1304112,66,Lucknow Super Giants,Q de Kock,Lucknow Super Giants,Lucknow Super Giants,Lucknow Super Giants
1304113,67,Gujarat Titans,V Kohli,Royal Challengers Bangalore,Gujarat Titans,Gujarat Titans
1304114,68,Chennai Super Kings,R Ashwin,Rajasthan Royals,Chennai Super Kings,Chennai Super Kings
1304115,69,Delhi Capitals,JJ Bumrah,Mumbai Indians,Delhi Capitals,Delhi Capitals
1304116,70,Sunrisers Hyderabad,Harpreet Brar,Punjab Kings,Sunrisers Hyderabad,Sunrisers Hyderabad
1312197,Unknown,Rajasthan Royals,DA Miller,Gujarat Titans,Rajasthan Royals,Rajasthan Royals
1312198,Unknown,Royal Challengers Bangalore,RM Patidar,Royal Challengers Bangalore,Royal Challengers Bangalore,Royal Challengers Bangalore
1312199,Unknown,Royal Challengers Bangalore,JC Buttler,Rajasthan Royals,Royal Challengers Bangalore,Royal Challengers Bangalore
1312200,Unknown,Rajasthan Royals,HH Pandya,Gujarat Titans,Rajasthan Royals,Rajasthan Royals
1359475,1,Chennai Super Kings,Rashid Khan,Gujarat Titans,Chennai Super Kings,Chennai Super Kings
1359476,2,Punjab Kings,Arshdeep Singh,Punjab Kings,Punjab Kings,Punjab Kings
1359477,3,Lucknow Super Giants,MA Wood,Lucknow Super Giants,Lucknow Super Giants,Lucknow Super Giants
1359478,4,Rajasthan Royals,JC Buttler,Rajasthan Royals,Rajasthan Royals,Rajasthan Royals
1359479,5,Mumbai Indians,F du Plessis,Royal Challengers Bangalore,Mumbai Indians,Mumbai Indians
1359480,6,Chennai Super Kings,MM Ali,Chennai Super Kings,Chennai Super Kings,Chennai Super Kings
1359481,7,Delhi Capitals,B Sai Sudharsan,Gujarat Titans,Delhi Capitals,Delhi Capitals
1359482,8,Punjab Kings,NT Ellis,Punjab Kings,Punjab Kings,Punjab Kings
1359483,9,Kolkata Knight Riders,SN Thakur,Kolkata Knight Riders,Kolkata Knight Riders,Kolkata Knight Riders
1359484,10,Sunrisers Hyderabad,KH Pandya,Lucknow Super Giants,Sunrisers Hyderabad,Sunrisers Hyderabad
1359485,11,Rajasthan Royals,YBK Jaiswal,Rajasthan Royals,Rajasthan Royals,Rajasthan Royals
1359486,12,Mumbai Indians,RA Jadeja,Chennai Super Kings,Mumbai Indians,Mumbai Indians
1359487,13,Gujarat Titans,RK Singh,Kolkata Knight Riders,Gujarat Titans,Gujarat Titans
1359488,14,Punjab Kings,S Dhawan,Sunrisers Hyderabad,Punjab Kings,Punjab Kings
1359489,15,Royal Challengers Bangalore,N Pooran,Lucknow Super Giants,Royal Challengers Bangalore,Royal Challengers Bangalore
1359490,16,Delhi Capitals,RG Sharma,Mumbai Indians,Delhi Capitals,Delhi Capitals
1359491,17,Rajasthan Royals,R Ashwin,Rajasthan Royals,Rajasthan Royals,Rajasthan Royals
1359492,18,Punjab Kings,MM Sharma,Gujarat Titans,Punjab Kings,Punjab Kings
1359493,19,Sunrisers Hyderabad,HC Brook,Sunrisers Hyderabad,Sunrisers Hyderabad,Sunrisers Hyderabad
1359494,20,Royal Challengers Bangalore,V Kohli,Royal Challengers Bangalore,Royal Challengers Bangalore,Royal Challengers Bangalore
1359495,21,Lucknow Super Giants,Sikandar Raza,Punjab Kings,Lucknow Super Giants,Lucknow Super Giants
1359496,22,Kolkata Knight Riders,VR Iyer,Mumbai Indians,Kolkata Knight Riders,Kolkata Knight Riders
1359497,23,Gujarat Titans,SO Hetmyer,Rajasthan Royals,Gujarat Titans,Gujarat Titans
1359498,24,Chennai Super Kings,DP Conway,Chennai Super Kings,Chennai Super Kings,Chennai Super Kings
1359499,25,Mumbai Indians,C Green,Mumbai Indians,Mumbai Indians,Mumbai Indians
1359500,26,Lucknow Super Giants,MP Stoinis,Lucknow Super Giants,Lucknow Super Giants,Lucknow Super Giants
1359501,27,Royal Challengers Bangalore,Mohammed Siraj,Royal Challengers Bangalore,Royal Challengers Bangalore,Royal Challengers Bangalore
1359502,28,Kolkata Knight Riders,I Sharma,Delhi Capitals,Kolkata Knight Riders,Kolkata Knight Riders
1359503,29,Sunrisers Hyderabad,RA Jadeja,Chennai Super Kings,Sunrisers Hyderabad,Sunrisers Hyderabad
1359504,30,Gujarat Titans,MM Sharma,Gujarat Titans,Gujarat Titans,Gujarat Titans
1359505,31,Punjab Kings,SM Curran,Punjab Kings,Punjab Kings,Punjab Kings
1359506,32,Royal Challengers Bangalore,GJ Maxwell,Royal Challengers Bangalore,Royal Challengers Bangalore,Royal Challengers Bangalore
1359507,33,Chennai Super Kings,AM Rahane,Chennai Super Kings,Chennai Super Kings,Chennai Super Kings
1359508,34,Delhi Capitals,AR Patel,Delhi Capitals,Delhi Capitals,Delhi Capitals
1359509,35,Gujarat Titans,A Manohar,Gujarat Titans,Gujarat Titans,Gujarat Titans
1359510,36,Kolkata Knight Riders,CV Varun,Kolkata Knight Riders,Kolkata Knight Riders,Kolkata Knight Riders
1359511,37,Rajasthan Royals,YBK Jaiswal,Rajasthan Royals,Rajasthan Royals,Rajasthan Royals
1359512,38,Lucknow Super Giants,MP Stoinis,Lucknow Super Giants,Lucknow Super Giants,Lucknow Super Giants
1359513,39,Kolkata Knight Riders,J Little,Gujarat Titans,Kolkata Knight Riders,Kolkata Knight Riders
1359514,40,Sunrisers Hyderabad,MR Marsh,Sunrisers Hyderabad,Sunrisers Hyderabad,Sunrisers Hyderabad
1359515,41,Chennai Super Kings,DP Conway,Punjab Kings,Chennai Super Kings,Chennai Super Kings
1359516,42,Rajasthan Royals,YBK Jaiswal,Mumbai Indians,Rajasthan Royals,Rajasthan Royals
1359517,43,Royal Challengers Bangalore,F du Plessis,Royal Challengers Bangalore,Royal Challengers Bangalore,Royal Challengers Bangalore
1359518,44,Delhi Capitals,Mohammed Shami,Delhi Capitals,Delhi Capitals,Delhi Capitals
1359519,45,Lucknow Super Giants,Unknown,Unknown,Lucknow Super Giants,Lucknow Super Giants
1359520,46,Punjab Kings,Ishan Kishan,Mumbai Indians,Punjab Kings,Punjab Kings
1359521,47,Kolkata Knight Riders,CV Varun,Kolkata Knight Riders,Kolkata Knight Riders,Kolkata Knight Riders
1359522,48,Rajasthan Royals,Rashid Khan,Gujarat Titans,Rajasthan Royals,Rajasthan Royals
1359523,49,Mumbai Indians,M Pathirana,Chennai Super Kings,Mumbai Indians,Mumbai Indians
1359524,50,Royal Challengers Bangalore,PD Salt,Delhi Capitals,Royal Challengers Bangalore,Royal Challengers Bangalore
1359525,51,Gujarat Titans,Shubman Gill,Gujarat Titans,Gujarat Titans,Gujarat Titans
1359526,52,Rajasthan Royals,GD Phillips,Sunrisers Hyderabad,Rajasthan Royals,Rajasthan Royals
1359527,53,Punjab Kings,AD Russell,Kolkata Knight Riders,Punjab Kings,Punjab Kings
1359528,54,Royal Challengers Bangalore,SA Yadav,Mumbai Indians,Royal Challengers Bangalore,Royal Challengers Bangalore
1359529,55,Chennai Super Kings,RA Jadeja,Chennai Super Kings,Chennai Super Kings,Chennai Super Kings
1359530,56,Kolkata Knight Riders,YBK Jaiswal,Rajasthan Royals,Kolkata Knight Riders,Kolkata Knight Riders
1359531,57,Mumbai Indians,SA Yadav,Mumbai Indians,Mumbai Indians,Mumbai Indians
1359532,58,Sunrisers Hyderabad,PN Mankad,Lucknow Super Giants,Sunrisers Hyderabad,Sunrisers Hyderabad
1359533,59,Punjab Kings,P Simran Singh,Punjab Kings,Punjab Kings,Punjab Kings
1359534,60,Royal Challengers Bangalore,WD Parnell,Royal Challengers Bangalore,Royal Challengers Bangalore,Royal Challengers Bangalore
1359535,61,Chennai Super Kings,RK Singh,Kolkata Knight Riders,Chennai Super Kings,Chennai Super Kings
1359536,62,Gujarat Titans,Shubman Gill,Gujarat Titans,Gujarat Titans,Gujarat Titans
1359537,63,Lucknow Super Giants,MP Stoinis,Lucknow Super Giants,Lucknow Super Giants,Lucknow Super Giants
1359538,64,Delhi Capitals,RR Rossouw,Delhi Capitals,Delhi Capitals,Delhi Capitals
1359539,65,Sunrisers Hyderabad,V Kohli,Royal Challengers Bangalore,Sunrisers Hyderabad,Sunrisers Hyderabad
1359540,66,Punjab Kings,D Padikkal,Rajasthan Royals,Punjab Kings,Punjab Kings
1359541,67,Chennai Super Kings,RD Gaikwad,Chennai Super Kings,Chennai Super Kings,Chennai Super Kings
1359542,68,Lucknow Super Giants,N Pooran,Lucknow Super Giants,Lucknow Super Giants,Lucknow Super Giants
1359543,69,Sunrisers Hyderabad,C Green,Mumbai Indians,Sunrisers Hyderabad,Sunrisers Hyderabad
1359544,70,Royal Challengers Bangalore,Shubman Gill,Gujarat Titans,Royal Challengers Bangalore,Royal Challengers Bangalore
1370350,Unknown,Chennai Super Kings,RD Gaikwad,Chennai Super Kings,Chennai Super Kings,Chennai Super Kings
1370351,Unknown,Mumbai Indians,Akash Madhwal,Mumbai Indians,Mumbai Indians,Mumbai Indians
1370352,Unknown,Gujarat Titans,Shubman Gill,Gujarat Titans,Gujarat Titans,Gujarat Titans
1370353,Unknown,Gujarat Titans,DP Conway,Chennai Super Kings,Gujarat Titans,Gujarat Titans
1422119,1,Royal Challengers Bengaluru,Mustafizur Rahman,Chennai Super Kings,Royal Challengers Bengaluru,Royal Challengers Bengaluru
1422120,2,Delhi Capitals,SM Curran,Punjab Kings,Delhi Capitals,Delhi Capitals
1422121,3,Kolkata Knight Riders,AD Russell,Kolkata Knight Riders,Kolkata Knight Riders,Kolkata Knight Riders
1422122,4,Rajasthan Royals,SV Samson,Rajasthan Royals,Rajasthan Royals,Rajasthan Royals
1422123,5,Gujarat Titans,B Sai Sudharsan,Gujarat Titans,Gujarat Titans,Gujarat Titans
1422124,6,Punjab Kings,V Kohli,Royal Challengers Bengaluru,Punjab Kings,Punjab Kings
1422125,7,Chennai Super Kings,S Dube,Chennai Super Kings,Chennai Super Kings,Chennai Super Kings
1422126,8,Sunrisers Hyderabad,Abhishek Sharma,Sunrisers Hyderabad,Sunrisers Hyderabad,Sunrisers Hyderabad
1422127,9,Rajasthan Royals,R Parag,Rajasthan Royals,Rajasthan Royals,Rajasthan Royals
1422128,10,Royal Challengers Bengaluru,SP Narine,Kolkata Knight Riders,Royal Challengers Bengaluru,Royal Challengers Bengaluru
1422129,11,Lucknow Super Giants,MP Yadav,Lucknow Super Giants,Lucknow Super Giants,Lucknow Super Giants
1422130,12,Sunrisers Hyderabad,MM Sharma,Gujarat Titans,Sunrisers Hyderabad,Sunrisers Hyderabad
1422131,13,Delhi Capitals,KK Ahmed,Delhi Capitals,Delhi Capitals,Delhi Capitals
1422132,14,Mumbai Indians,TA Boult,Rajasthan Royals,Mumbai Indians,Mumbai Indians
1422133,15,Lucknow Super Giants,MP Yadav,Lucknow Super Giants,Lucknow Super Giants,Lucknow Super Giants
1422134,16,Kolkata Knight Riders,SP Narine,Kolkata Knight Riders,Kolkata Knight Riders,Kolkata Knight Riders
1422135,17,Gujarat Titans,Shashank Singh,Punjab Kings,Gujarat Titans,Gujarat Titans
1422136,18,Chennai Super Kings,Abhishek Sharma,Sunrisers Hyderabad,Chennai Super Kings,Chennai Super Kings
1422137,19,Royal Challengers Bengaluru,JC Buttler,Rajasthan Royals,Royal Challengers Bengaluru,Royal Challengers Bengaluru
1422138,20,Mumbai Indians,R Shepherd,Mumbai Indians,Mumbai Indians,Mumbai Indians
1422139,21,Lucknow Super Giants,Yash Thakur,Lucknow Super Giants,Lucknow Super Giants,Lucknow Super Giants
1426260,22,Kolkata Knight Riders,RA Jadeja,Chennai Super Kings,Kolkata Knight Riders,Kolkata Knight Riders
1426261,23,Sunrisers Hyderabad,Nithish Kumar Reddy,Sunrisers Hyderabad,Sunrisers Hyderabad,Sunrisers Hyderabad
1426262,24,Rajasthan Royals,Rashid Khan,Gujarat Titans,Rajasthan Royals,Rajasthan Royals
1426263,25,Royal Challengers Bengaluru,JJ Bumrah,Mumbai Indians,Royal Challengers Bengaluru,Royal Challengers Bengaluru
1426264,26,Lucknow Super Giants,Kuldeep Yadav,Delhi Capitals,Lucknow Super Giants,Lucknow Super Giants
1426265,27,Punjab Kings,SO Hetmyer,Rajasthan Royals,Punjab Kings,Punjab Kings
1426266,28,Lucknow Super Giants,PD Salt,Kolkata Knight Riders,Lucknow Super Giants,Lucknow Super Giants
1426267,29,Chennai Super Kings,M Pathirana,Chennai Super Kings,Chennai Super Kings,Chennai Super Kings
1426268,30,Sunrisers Hyderabad,TM Head,Sunrisers Hyderabad,Sunrisers Hyderabad,Sunrisers Hyderabad
1426269,31,Kolkata Knight Riders,JC Buttler,Rajasthan Royals,Kolkata Knight Riders,Kolkata Knight Riders
1426270,32,Gujarat Titans,RR Pant,Delhi Capitals,Gujarat Titans,Gujarat Titans
1426271,33,Mumbai Indians,JJ Bumrah,Mumbai Indians,Mumbai Indians,Mumbai Indians
1426272,34,Chennai Super Kings,KL Rahul,Lucknow Super Giants,Chennai Super Kings,Chennai Super Kings
1426273,35,Sunrisers Hyderabad,TM Head,Sunrisers Hyderabad,Sunrisers Hyderabad,Sunrisers Hyderabad
1426274,36,Kolkata Knight Riders,AD Russell,Kolkata Knight Riders,Kolkata Knight Riders,Kolkata Knight Riders
1426275,37,Punjab Kings,R Sai Kishore,Gujarat Titans,Punjab Kings,Punjab Kings
1426276,38,Mumbai Indians,Sandeep Sharma,Rajasthan Royals,Mumbai Indians,Mumbai Indians
1426277,39,Chennai Super Kings,MP Stoinis,Lucknow Super Giants,Chennai Super Kings,Chennai Super Kings
1426278,40,Delhi Capitals,RR Pant,Delhi Capitals,Delhi Capitals,Delhi Capitals
1426279,41,Royal Challengers Bengaluru,RM Patidar,Royal Challengers Bengaluru,Royal Challengers Bengaluru,Royal Challengers Bengaluru
1426280,42,Kolkata Knight Riders,JM Bairstow,Punjab Kings,Kolkata Knight Riders,Kolkata Knight Riders
1426281,43,Delhi Capitals,J Fraser-McGurk,Delhi Capitals,Delhi Capitals,Delhi Capitals
1426282,44,Lucknow Super Giants,SV Samson,Rajasthan Royals,Lucknow Super Giants,Lucknow Super Giants
1426283,45,Gujarat Titans,WG Jacks,Royal Challengers Bengaluru,Gujarat Titans,Gujarat Titans
1426284,46,Chennai Super Kings,RD Gaikwad,Chennai Super Kings,Chennai Super Kings,Chennai Super Kings
1426285,47,Delhi Capitals,CV Varun,Kolkata Knight Riders,Delhi Capitals,Delhi Capitals
1426286,48,Mumbai Indians,MP Stoinis,Lucknow Super Giants,Mumbai Indians,Mumbai Indians
1426287,49,Chennai Super Kings,Harpreet Brar,Punjab Kings,Chennai Super Kings,Chennai Super Kings
1426288,50,Sunrisers Hyderabad,B Kumar,Sunrisers Hyderabad,Sunrisers Hyderabad,Sunrisers Hyderabad
1426289,51,Kolkata Knight Riders,VR Iyer,Kolkata Knight Riders,Kolkata Knight Riders,Kolkata Knight Riders
1426290,52,Gujarat Titans,Mohammed Siraj,Royal Challengers Bengaluru,Gujarat Titans,Gujarat Titans
1426291,53,Chennai Super Kings,RA Jadeja,Chennai Super Kings,Chennai Super Kings,Chennai Super Kings
1426292,54,Kolkata Knight Riders,SP Narine,Kolkata Knight Riders,Kolkata Knight Riders,Kolkata Knight Riders
1426293,55,Sunrisers Hyderabad,SA Yadav,Mumbai Indians,Sunrisers Hyderabad,Sunrisers Hyderabad
1426294,56,Delhi Capitals,Kuldeep Yadav,Delhi Capitals,Delhi Capitals,Delhi Capitals
1426295,57,Lucknow Super Giants,TM Head,Sunrisers Hyderabad,Lucknow Super Giants,Lucknow Super Giants
1426296,58,Royal Challengers Bengaluru,V Kohli,Royal Challengers Bengaluru,Royal Challengers Bengaluru,Royal Challengers Bengaluru
1426297,59,Gujarat Titans,Shubman Gill,Gujarat Titans,Gujarat Titans,Gujarat Titans
1426298,60,Kolkata Knight Riders,CV Varun,Kolkata Knight Riders,Kolkata Knight Riders,Kolkata Knight Riders
1426299,61,Rajasthan Royals,Simarjeet Singh,Chennai Super Kings,Rajasthan Royals,Rajasthan Royals
1426300,62,Royal Challengers Bengaluru,C Green,Royal Challengers Bengaluru,Royal Challengers Bengaluru,Royal Challengers Bengaluru
1426302,64,Delhi Capitals,I Sharma,Delhi Capitals,Delhi Capitals,Delhi Capitals
1426303,65,Rajasthan Royals,SM Curran,Punjab Kings,Rajasthan Royals,Rajasthan Royals
1426305,67,Lucknow Super Giants,N Pooran,Lucknow Super Giants,Lucknow Super Giants,Lucknow Super Giants
1426306,68,Royal Challengers Bengaluru,F du Plessis,Royal Challengers Bengaluru,Royal Challengers Bengaluru,Royal Challengers Bengaluru
1426307,69,Punjab Kings,Abhishek Sharma,Sunrisers Hyderabad,Punjab Kings,Punjab Kings
1426309,Unknown,Sunrisers Hyderabad,MA Starc,Kolkata Knight Riders,Sunrisers Hyderabad,Sunrisers Hyderabad
1426310,Unknown,Royal Challengers Bengaluru,R Ashwin,Rajasthan Royals,Royal Challengers Bengaluru,Royal Challengers Bengaluru
1426311,Unknown,Sunrisers Hyderabad,Shahbaz Ahmed,Sunrisers Hyderabad,Sunrisers Hyderabad,Sunrisers Hyderabad
1426312,Unknown,Sunrisers Hyderabad,MA Starc,Kolkata Knight Riders,Sunrisers Hyderabad,Sunrisers Hyderabad
1473438,1,Kolkata Knight Riders,KH Pandya,Royal Challengers Bengaluru,Kolkata Knight Riders,Kolkata Knight Riders
1473439,2,Sunrisers Hyderabad,Ishan Kishan,Sunrisers Hyderabad,Sunrisers Hyderabad,Sunrisers Hyderabad
1473440,3,Mumbai Indians,Noor Ahmad,Chennai Super Kings,Mumbai Indians,Mumbai Indians
1473441,4,Lucknow Super Giants,Ashutosh Sharma,Delhi Capitals,Lucknow Super Giants,Lucknow Super Giants
1473442,5,Punjab Kings,SS Iyer,Punjab Kings,Punjab Kings,Punjab Kings
1473443,6,Rajasthan Royals,Q de Kock,Kolkata Knight Riders,Rajasthan Royals,Rajasthan Royals
1473444,7,Sunrisers Hyderabad,SN Thakur,Lucknow Super Giants,Sunrisers Hyderabad,Sunrisers Hyderabad
1473445,8,Royal Challengers Bengaluru,RM Patidar,Royal Challengers Bengaluru,Royal Challengers Bengaluru,Royal Challengers Bengaluru
1473446,9,Gujarat Titans,M Prasidh Krishna,Gujarat Titans,Gujarat Titans,Gujarat Titans
1473447,10,Sunrisers Hyderabad,MA Starc,Delhi Capitals,Sunrisers Hyderabad,Sunrisers Hyderabad
1473448,11,Rajasthan Royals,N Rana,Rajasthan Royals,Rajasthan Royals,Rajasthan Royals
1473449,12,Kolkata Knight Riders,Ashwani Kumar,Mumbai Indians,Kolkata Knight Riders,Kolkata Knight Riders
1473450,13,Lucknow Super Giants,P Simran Singh,Punjab Kings,Lucknow Super Giants,Lucknow Super Giants
1473451,14,Royal Challengers Bengaluru,Mohammed Siraj,Gujarat Titans,Royal Challengers Bengaluru,Royal Challengers Bengaluru
1473452,15,Kolkata Knight Riders,VG Arora,Kolkata Knight Riders,Kolkata Knight Riders,Kolkata Knight Riders
1473453,16,Lucknow Super Giants,DS Rathi,Lucknow Super Giants,Lucknow Super Giants,Lucknow Super Giants
1473454,17,Delhi Capitals,KL Rahul,Delhi Capitals,Delhi Capitals,Delhi Capitals
1473455,18,Rajasthan Royals,JC Archer,Rajasthan Royals,Rajasthan Royals,Rajasthan Royals
1473457,19,Sunrisers Hyderabad,Mohammed Siraj,Gujarat Titans,Sunrisers Hyderabad,Sunrisers Hyderabad
1473458,20,Royal Challengers Bengaluru,RM Patidar,Royal Challengers Bengaluru,Royal Challengers Bengaluru,Royal Challengers Bengaluru
1473456,21,Lucknow Super Giants,N Pooran,Lucknow Super Giants,Lucknow Super Giants,Lucknow Super Giants
1473459,22,Punjab Kings,Priyansh Arya,Punjab Kings,Punjab Kings,Punjab Kings
1473460,23,Gujarat Titans,B Sai Sudharsan,Gujarat Titans,Gujarat Titans,Gujarat Titans
1473461,24,Royal Challengers Bengaluru,KL Rahul,Delhi Capitals,Royal Challengers Bengaluru,Royal Challengers Bengaluru
1473462,25,Chennai Super Kings,SP Narine,Kolkata Knight Riders,Chennai Super Kings,Chennai Super Kings
1473463,26,Gujarat Titans,AK Markram,Lucknow Super Giants,Gujarat Titans,Gujarat Titans
1473464,27,Punjab Kings,Abhishek Sharma,Sunrisers Hyderabad,Punjab Kings,Punjab Kings
1473465,28,Rajasthan Royals,PD Salt,Royal Challengers Bengaluru,Rajasthan Royals,Rajasthan Royals
1473466,29,Mumbai Indians,KV Sharma,Mumbai Indians,Mumbai Indians,Mumbai Indians
1473467,30,Lucknow Super Giants,MS Dhoni,Chennai Super Kings,Lucknow Super Giants,Lucknow Super Giants
1473468,31,Punjab Kings,YS Chahal,Punjab Kings,Punjab Kings,Punjab Kings
1473469,32,Delhi Capitals,MA Starc,Unknown,Delhi Capitals,Delhi Capitals
1473470,33,Sunrisers Hyderabad,WG Jacks,Mumbai Indians,Sunrisers Hyderabad,Sunrisers Hyderabad
1473471,34,Royal Challengers Bengaluru,TH David,Punjab Kings,Royal Challengers Bengaluru,Royal Challengers Bengaluru
1473472,35,Delhi Capitals,JC Buttler,Gujarat Titans,Delhi Capitals,Delhi Capitals
1473473,36,Lucknow Super Giants,Avesh Khan,Lucknow Super Giants,Lucknow Super Giants,Lucknow Super Giants
1473474,37,Punjab Kings,V Kohli,Royal Challengers Bengaluru,Punjab Kings,Punjab Kings
1473475,38,Chennai Super Kings,RG Sharma,Mumbai Indians,Chennai Super Kings,Chennai Super Kings
1473476,39,Gujarat Titans,Shubman Gill,Gujarat Titans,Gujarat Titans,Gujarat Titans
1473477,40,Lucknow Super Giants,Mukesh Kumar,Delhi Capitals,Lucknow Super Giants,Lucknow Super Giants
1473478,41,Sunrisers Hyderabad,TA Boult,Mumbai Indians,Sunrisers Hyderabad,Sunrisers Hyderabad
1473479,42,Royal Challengers Bengaluru,JR Hazlewood,Royal Challengers Bengaluru,Royal Challengers Bengaluru,Royal Challengers Bengaluru
1473480,43,Chennai Super Kings,HV Patel,Sunrisers Hyderabad,Chennai Super Kings,Chennai Super Kings
1473481,44,Punjab Kings,Unknown,Unknown,Punjab Kings,Punjab Kings
1473482,45,Mumbai Indians,WG Jacks,Mumbai Indians,Mumbai Indians,Mumbai Indians
1473483,46,Delhi Capitals,KH Pandya,Royal Challengers Bengaluru,Delhi Capitals,Delhi Capitals
1473484,47,Gujarat Titans,V Suryavanshi,Rajasthan Royals,Gujarat Titans,Gujarat Titans
1473485,48,Kolkata Knight Riders,SP Narine,Kolkata Knight Riders,Kolkata Knight Riders,Kolkata Knight Riders
1473486,49,Chennai Super Kings,SS Iyer,Punjab Kings,Chennai Super Kings,Chennai Super Kings
1473487,50,Mumbai Indians,RD Rickelton,Mumbai Indians,Mumbai Indians,Mumbai Indians
1473488,51,Gujarat Titans,M Prasidh Krishna,Gujarat Titans,Gujarat Titans,Gujarat Titans
1473489,52,Royal Challengers Bengaluru,R Shepherd,Royal Challengers Bengaluru,Royal Challengers Bengaluru,Royal Challengers Bengaluru
1473490,53,Kolkata Knight Riders,AD Russell,Kolkata Knight Riders,Kolkata Knight Riders,Kolkata Knight Riders
1473491,54,Punjab Kings,P Simran Singh,Punjab Kings,Punjab Kings,Punjab Kings
1473492,55,Delhi Capitals,Unknown,Unknown,Delhi Capitals,Delhi Capitals
1473493,56,Mumbai Indians,Shubman Gill,Gujarat Titans,Mumbai Indians,Mumbai Indians
1473494,57,Kolkata Knight Riders,Noor Ahmad,Chennai Super Kings,Kolkata Knight Riders,Kolkata Knight Riders
1473495,58,Punjab Kings,Unknown,Unknown,Punjab Kings,Punjab Kings
1473497,59,Punjab Kings,Harpreet Brar,Punjab Kings,Punjab Kings,Punjab Kings
1473498,60,Delhi Capitals,B Sai Sudharsan,Gujarat Titans,Delhi Capitals,Delhi Capitals
1473499,61,Lucknow Super Giants,Abhishek Sharma,Sunrisers Hyderabad,Lucknow Super Giants,Lucknow Super Giants
1473500,62,Chennai Super Kings,Akash Madhwal,Rajasthan Royals,Chennai Super Kings,Chennai Super Kings
1473501,63,Mumbai Indians,SA Yadav,Mumbai Indians,Mumbai Indians,Mumbai Indians
1473502,64,Lucknow Super Giants,MR Marsh,Lucknow Super Giants,Lucknow Super Giants,Lucknow Super Giants
1473503,65,Sunrisers Hyderabad,Ishan Kishan,Sunrisers Hyderabad,Sunrisers Hyderabad,Sunrisers Hyderabad
1485779,66,Punjab Kings,Sameer Rizvi,Delhi Capitals,Punjab Kings,Punjab Kings
1473504,67,Chennai Super Kings,D Brevis,Chennai Super Kings,Chennai Super Kings,Chennai Super Kings
1473505,68,Sunrisers Hyderabad,H Klaasen,Sunrisers Hyderabad,Sunrisers Hyderabad,Sunrisers Hyderabad
1473506,69,Mumbai Indians,JP Inglis,Punjab Kings,Mumbai Indians,Mumbai Indians
1473507,70,Lucknow Super Giants,JM Sharma,Royal Challengers Bengaluru,Lucknow Super Giants,Lucknow Super Giants
1473508,Unknown,Punjab Kings,Suyash Sharma,Royal Challengers Bengaluru,Punjab Kings,Punjab Kings
1473509,Unknown,Mumbai Indians,RG Sharma,Mumbai Indians,Mumbai Indians,Mumbai Indians
1473510,Unknown,Mumbai Indians,SS Iyer,Punjab Kings,Mumbai Indians,Mumbai Indians
1473511,Unknown,Royal Challengers Bengaluru,KH Pandya,Royal Challengers Bengaluru,Royal Challengers Bengaluru,Royal Challengers Bengaluru
1527674,1,Sunrisers Hyderabad,JA Duffy,Royal Challengers Bengaluru,Sunrisers Hyderabad,Sunrisers Hyderabad
1527675,2,Kolkata Knight Riders,SN Thakur,Mumbai Indians,Kolkata Knight Riders,Kolkata Knight Riders
1527676,3,Chennai Super Kings,N Burger,Rajasthan Royals,Chennai Super Kings,Chennai Super Kings
1527677,4,Gujarat Titans,C Connolly,Punjab Kings,Gujarat Titans,Gujarat Titans
1527678,5,Lucknow Super Giants,Sameer Rizvi,Delhi Capitals,Lucknow Super Giants,Lucknow Super Giants
1527679,6,Sunrisers Hyderabad,Nithish Kumar Reddy,Sunrisers Hyderabad,Sunrisers Hyderabad,Sunrisers Hyderabad
1527680,7,Chennai Super Kings,Priyansh Arya,Punjab Kings,Chennai Super Kings,Chennai Super Kings
1527681,8,Mumbai Indians,Sameer Rizvi,Delhi Capitals,Mumbai Indians,Mumbai Indians
1527682,9,Rajasthan Royals,Ravi Bishnoi,Rajasthan Royals,Rajasthan Royals,Rajasthan Royals
1527683,10,Sunrisers Hyderabad,Mohammed Shami,Lucknow Super Giants,Sunrisers Hyderabad,Sunrisers Hyderabad
1527684,11,Royal Challengers Bengaluru,TH David,Royal Challengers Bengaluru,Royal Challengers Bengaluru,Royal Challengers Bengaluru
1527685,12,Kolkata Knight Riders,Unknown,Unknown,Kolkata Knight Riders,Kolkata Knight Riders
1527686,13,Rajasthan Royals,YBK Jaiswal,Rajasthan Royals,Rajasthan Royals,Rajasthan Royals
1527687,14,Gujarat Titans,Rashid Khan,Gujarat Titans,Gujarat Titans,Gujarat Titans
1527688,15,Kolkata Knight Riders,MD Choudhary,Lucknow Super Giants,Kolkata Knight Riders,Kolkata Knight Riders
1527689,16,Royal Challengers Bengaluru,V Suryavanshi,Rajasthan Royals,Royal Challengers Bengaluru,Royal Challengers Bengaluru
1527690,17,Sunrisers Hyderabad,SS Iyer,Punjab Kings,Sunrisers Hyderabad,Sunrisers Hyderabad
1527691,18,Chennai Super Kings,SV Samson,Chennai Super Kings,Chennai Super Kings,Chennai Super Kings
1527692,19,Lucknow Super Giants,M Prasidh Krishna,Gujarat Titans,Lucknow Super Giants,Lucknow Super Giants
1527693,20,Royal Challengers Bengaluru,PD Salt,Royal Challengers Bengaluru,Royal Challengers Bengaluru,Royal Challengers Bengaluru
1529264,21,Sunrisers Hyderabad,PP Hinge,Sunrisers Hyderabad,Sunrisers Hyderabad,Sunrisers Hyderabad
1529265,22,Chennai Super Kings,Noor Ahmad,Chennai Super Kings,Chennai Super Kings,Chennai Super Kings
1529266,23,Lucknow Super Giants,JR Hazlewood,Royal Challengers Bengaluru,Lucknow Super Giants,Lucknow Super Giants
1529267,24,Mumbai Indians,Arshdeep Singh,Punjab Kings,Mumbai Indians,Mumbai Indians
